S505200,2020-06-20 00:00:00.817,0,0,1,0,0
S505200,2020-06-20 00:03:20.647,1,0,0,0,0
S505200,2020-06-20 00:11:40.687,1,0,0,0,0
S505200,2020-06-20 00:15:00.667,1,0,1,0,0
S505200,2020-06-20 00:18:19.677,1,0,0,0,0
S505200,2020-06-20 00:20:00.677,2,0,1,0,0
S505200,2020-06-20 00:30:00.717,0,0,0,0,0
S505200,2020-06-20 00:36:40.687,3,0,0,0,0
S505200,2020-06-20 00:38:20.667,2,0,0,0,0
S505200,2020-06-20 00:40:00.677,2,0,0,4,0
S505200,2020-06-20 00:45:00.707,1,0,1,0,0
S505200,2020-06-20 00:53:20.717,0,0,0,0,0
S505200,2020-06-20 00:56:40.785,1,0,0,0,0
S505200,2020-06-20 00:58:20.67,0,0,0,0,0
S505200,2020-06-20 01:00:00.817,1,0,0,0,0
S505200,2020-06-20 01:08:20.587,0,0,0,0,0
S505200,2020-06-20 01:18:20.677,0,0,0,0,0
S505200,2020-06-20 01:20:00.72,1,0,0,0,0
S505200,2020-06-20 01:28:20.748,0,0,0,0,0
S505200,2020-06-20 01:31:40.627,1,0,0,0,0
S505200,2020-06-20 01:35:00.745,0,0,0,0,0
S505200,2020-06-20 01:38:20.637,0,0,0,0,0
S505200,2020-06-20 01:40:00.808,0,0,0,2,0
S505200,2020-06-20 02:05:00.837,0,0,0,0,0
S505200,2020-06-20 02:15:00.717,0,0,0,0,0
S505200,2020-06-20 02:18:20.706,0,0,0,0,0
S505200,2020-06-20 03:00:00.737,1,0,0,0,0
S505200,2020-06-20 03:06:40.645,1,0,0,1,0
S505200,2020-06-20 03:11:40.727,0,0,0,0,0
S505200,2020-06-20 03:13:20.797,0,0,0,0,0
S505200,2020-06-20 03:15:00.787,0,0,0,0,0
S505200,2020-06-20 03:20:00.707,1,0,0,0,0
S505200,2020-06-20 03:21:40.65,0,0,0,0,0
S505200,2020-06-19 23:23:20.667,1,0,0,0,0
S505200,2020-06-19 23:36:40.647,1,0,0,0,0
S505200,2020-06-20 00:01:40.648,0,0,0,0,0
S505200,2020-06-20 00:06:40.677,0,0,0,2,0
S505200,2020-06-20 00:08:20.754,1,0,1,1,0
S505200,2020-06-20 00:31:40.767,1,0,0,0,0
S505200,2020-06-20 00:33:20.787,0,0,0,0,0
S505200,2020-06-20 00:41:40.807,1,0,0,0,0
S505200,2020-06-20 00:43:20.637,1,0,1,1,0
S505200,2020-06-20 00:46:40.711,1,0,1,0,0
S505200,2020-06-20 00:48:20.665,2,1,0,0,0
S505200,2020-06-20 00:50:00.787,2,0,0,0,0
S505200,2020-06-20 01:01:40.663,0,0,0,0,0
S505200,2020-06-20 01:06:40.687,0,0,1,0,0
S505200,2020-06-20 01:10:00.697,0,0,0,0,0
S505200,2020-06-20 01:21:40.737,0,0,0,0,0
S505200,2020-06-20 01:33:20.598,0,0,0,0,0
S505200,2020-06-20 01:46:40.658,1,0,0,0,0
S505200,2020-06-20 01:51:40.641,0,0,2,1,0
S505200,2020-06-20 02:13:20.657,0,0,0,0,0
S505200,2020-06-20 02:16:40.687,2,0,0,0,0
S505200,2020-06-20 02:20:00.748,1,0,0,0,0
S505200,2020-06-20 02:21:40.647,0,0,0,0,0
S505200,2020-06-20 02:33:20.687,0,0,0,0,0
S505200,2020-06-20 02:36:40.631,0,0,0,0,0
S505200,2020-06-20 02:41:40.671,0,0,0,0,0
S505200,2020-06-20 02:50:00.807,0,0,0,0,0
S505200,2020-06-20 02:51:40.697,0,0,0,0,0
S505200,2020-06-20 02:56:40.685,1,0,0,0,0
S505200,2020-06-20 03:03:20.708,0,0,0,0,0
S505200,2020-06-20 02:31:40.697,0,0,0,0,0
S505200,2020-06-20 02:35:00.747,0,0,0,0,0
S505200,2020-06-20 02:38:20.77,0,0,1,0,0
S505200,2020-06-20 02:43:20.717,1,0,0,0,0
S505200,2020-06-20 02:46:40.727,0,0,0,0,0
S505200,2020-06-20 02:53:20.707,1,0,0,0,0
S505200,2020-06-20 02:55:00.757,1,0,0,0,0
S505200,2020-06-20 03:01:40.707,0,0,0,0,0
S505200,2020-06-20 03:05:00.817,0,0,0,0,0
S505200,2020-06-20 03:08:20.757,0,0,0,0,0
S505200,2020-06-20 03:10:00.767,1,0,0,0,0
S505200,2020-06-20 03:16:40.794,1,0,0,0,0
S505200,2020-06-20 03:18:20.667,1,0,0,0,0
S505200,2020-06-20 03:26:39.757,0,0,0,0,0
S505200,2020-06-20 03:28:20.737,0,0,0,0,0
S505200,2020-06-20 03:30:00.797,0,0,0,0,0
S505200,2020-06-20 03:31:40.657,1,0,0,0,0
S505200,2020-06-20 03:33:19.667,1,0,0,0,0
S505200,2020-06-20 03:35:00.723,2,0,0,0,0
S505200,2020-06-20 03:36:40.671,0,0,0,0,0
S505200,2020-06-20 03:38:20.667,0,0,0,0,0
S505200,2020-06-20 03:40:00.717,1,0,1,0,0
S505200,2020-06-20 03:41:40.807,1,0,0,0,0
S505200,2020-06-20 03:43:20.697,0,0,0,0,0
S505200,2020-06-20 03:45:00.698,0,0,0,0,0
S505200,2020-06-20 03:46:40.677,0,0,0,0,0
S505200,2020-06-20 03:48:20.717,0,0,0,0,0
S505200,2020-06-20 03:50:00.71,0,0,0,0,0
S505200,2020-06-20 03:51:40.807,1,0,0,0,0
S505200,2020-06-20 03:53:20.72,0,0,0,0,0
S505200,2020-06-20 03:55:00.81,0,0,0,0,0
S505200,2020-06-20 03:56:40.732,0,0,0,0,0
S505200,2020-06-20 03:58:20.765,0,0,0,0,0
S505200,2020-06-20 04:00:00.691,1,0,0,0,0
S505200,2020-06-20 04:01:40.677,1,0,0,1,0
S505200,2020-06-20 04:03:20.678,0,0,0,0,0
S505200,2020-06-20 04:04:59.738,2,0,0,0,0
S505200,2020-06-20 04:06:40.697,1,0,0,0,0
S505200,2020-06-20 04:08:20.717,0,0,0,0,0
S505200,2020-06-20 04:10:00.718,1,0,0,0,0
S505200,2020-06-20 04:11:40.7,3,0,0,0,0
S505200,2020-06-20 04:13:20.727,0,0,0,0,0
S505200,2020-06-20 04:15:00.788,1,0,0,0,0
S505200,2020-06-20 04:16:40.637,0,0,0,0,0
S505200,2020-06-20 04:18:20.737,1,0,0,0,0
S505200,2020-06-20 04:20:00.718,0,0,0,0,0
S505200,2020-06-20 04:21:40.668,1,0,0,0,0
S505200,2020-06-20 04:23:20.789,1,0,0,0,0
S505200,2020-06-20 04:25:00.777,0,0,0,0,0
S505200,2020-06-20 04:26:40.617,2,0,0,0,0
S505200,2020-06-20 04:28:20.647,0,0,1,0,0
S505200,2020-06-20 04:30:00.74,1,0,1,0,0
S505200,2020-06-20 04:31:40.627,0,0,0,1,0
S505200,2020-06-20 04:33:20.667,3,0,0,0,0
S505200,2020-06-20 04:35:00.675,1,0,1,0,0
S505200,2020-06-20 04:36:40.787,1,0,0,0,0
S505200,2020-06-20 04:38:20.668,1,0,0,0,0
S505200,2020-06-20 04:40:00.817,0,0,0,0,0
S505200,2020-06-20 04:41:40.647,0,0,1,0,0
S505200,2020-06-20 04:43:20.707,1,0,0,0,0
S505200,2020-06-20 04:45:00.807,1,0,0,0,0
S505200,2020-06-20 04:46:40.668,1,0,1,0,0
S505200,2020-06-20 04:48:20.757,1,0,1,0,0
S505200,2020-06-20 04:50:00.787,1,0,0,0,0
S505200,2020-06-20 04:51:40.637,1,0,0,0,0
S505200,2020-06-20 04:53:20.725,1,0,0,0,0
S505200,2020-06-20 04:55:00.717,1,0,0,0,0
S505200,2020-06-20 04:56:40.787,1,0,0,0,0
S505200,2020-06-20 04:58:20.617,1,0,0,0,0
S505200,2020-06-20 05:00:00.827,2,1,0,0,0
S505200,2020-06-20 05:01:40.708,2,0,1,0,0
S505200,2020-06-20 05:03:20.797,1,0,0,0,0
S505200,2020-06-20 05:05:00.787,2,0,0,0,0
S505200,2020-06-20 05:06:40.668,1,0,0,0,0
S505200,2020-06-20 05:08:20.765,2,0,0,1,0
S505200,2020-06-20 05:10:00.797,1,0,2,0,0
S505200,2020-06-20 05:11:40.807,2,0,1,0,0
S505200,2020-06-20 05:13:20.797,1,0,0,0,0
S505200,2020-06-20 05:15:00.767,2,0,0,1,0
S505200,2020-06-20 05:16:40.717,1,0,1,0,0
S505200,2020-06-20 05:18:20.807,2,0,0,0,0
S505200,2020-06-20 05:20:00.858,3,0,3,0,0
S505200,2020-06-20 05:21:40.667,1,0,1,0,0
S505200,2020-06-20 05:23:20.717,1,0,0,1,0
S505200,2020-06-20 05:25:00.745,2,0,2,0,0
S505200,2020-06-20 05:26:40.657,1,0,0,0,0
S505200,2020-06-20 05:28:20.667,1,0,1,0,0
S505200,2020-06-20 05:30:00.801,2,0,0,0,0
S505200,2020-06-20 05:31:40.708,2,0,1,0,0
S505200,2020-06-20 05:33:20.665,1,0,1,0,0
S505200,2020-06-20 05:35:00.867,1,0,1,1,0
S505200,2020-06-20 05:36:40.717,3,0,0,0,0
S505200,2020-06-20 05:38:20.71,1,0,1,0,0
S505200,2020-06-20 05:40:00.837,2,0,3,0,0
S505200,2020-06-20 05:41:40.617,2,0,1,0,0
S505200,2020-06-20 05:43:20.611,4,0,1,1,0
S505200,2020-06-20 05:45:00.847,1,0,3,0,0
S505200,2020-06-20 05:46:40.627,1,0,1,2,0
S505200,2020-06-20 05:48:20.711,2,0,2,1,0
S505200,2020-06-20 05:50:00.789,1,0,1,0,0
S505200,2020-06-20 05:51:40.767,3,1,1,0,0
S505200,2020-06-20 05:53:20.735,2,2,1,1,0
S505200,2020-06-20 05:55:00.818,2,10,1,0,0
S505200,2020-06-20 05:56:40.697,2,0,0,0,0
S505200,2020-06-20 05:58:20.676,1,0,8,1,0
S505200,2020-06-20 06:00:00.697,1,0,3,1,0
S505200,2020-06-20 06:02:00.617,3,1,1,2,0
S505200,2020-06-20 06:04:00.627,3,1,2,0,0
S505200,2020-06-20 06:06:00.737,5,0,4,2,0
S505200,2020-06-20 06:08:00.685,2,0,2,0,0
S505200,2020-06-20 06:10:00.707,1,1,1,1,0
S505200,2020-06-20 06:12:00.707,1,0,8,2,0
S505200,2020-06-20 06:13:59.626,3,0,5,1,0
S505200,2020-06-20 06:16:00.757,1,1,5,2,0
S505200,2020-06-20 06:18:00.733,2,0,5,2,0
S505200,2020-06-20 06:20:00.636,4,3,4,2,0
S505200,2020-06-20 06:22:00.765,2,0,5,0,0
S505200,2020-06-20 06:24:00.739,3,1,4,1,0
S505200,2020-06-20 06:26:00.626,4,1,3,2,0
S505200,2020-06-20 06:28:00.768,5,2,5,3,0
S505200,2020-06-20 06:30:00.754,2,0,5,1,0
S505200,2020-06-20 06:32:00.724,2,1,5,0,0
S505200,2020-06-20 06:34:00.765,4,0,2,1,0
S505200,2020-06-20 06:36:00.695,4,0,4,1,0
S505200,2020-06-20 06:54:00.834,4,3,6,4,0
S505200,2020-06-20 06:56:00.751,4,2,7,1,0
S505200,2020-06-20 06:58:00.752,7,1,11,0,0
S505200,2020-06-20 07:00:00.724,3,0,18,5,0
S505200,2020-06-20 07:12:30.699,9,3,9,10,0
S505200,2020-06-20 07:20:00.646,9,4,8,10,0
S505200,2020-06-20 07:25:00.698,11,4,10,3,0
S505200,2020-06-20 07:30:00.696,11,4,15,6,0
S505200,2020-06-20 07:32:30.64,18,6,16,15,0
S505200,2020-06-20 07:40:00.704,9,1,16,3,0
S505200,2020-06-20 07:42:30.624,20,2,21,5,0
S505200,2020-06-20 07:45:00.734,10,2,12,9,0
S505200,2020-06-20 08:02:31.122,9,5,14,3,0
S505200,2020-06-20 08:10:00.73,9,6,11,3,0
S505200,2020-06-20 08:15:00.78,8,3,9,3,0
S505200,2020-06-20 08:25:00.778,16,2,6,2,0
S505200,2020-06-20 08:36:00.981,10,0,9,3,0
S505200,2020-06-20 08:50:00.713,17,2,3,7,0
S505200,2020-06-20 09:00:00.757,7,0,9,0,0
S505200,2020-06-20 09:10:00.697,11,1,8,5,0
S505200,2020-06-20 09:20:00.753,19,2,12,3,0
S505200,2020-06-20 09:28:00.727,17,3,6,2,0
S505200,2020-06-20 09:30:00.747,16,3,8,2,0
S505200,2020-06-20 09:31:59.637,6,1,23,5,0
S505200,2020-06-20 17:37:30.72,10,3,18,11,0
S505200,2020-06-20 17:40:00.72,9,3,16,10,0
S505200,2020-06-20 17:47:30.882,9,7,11,17,0
S505200,2020-06-20 17:55:00.835,8,6,15,17,0
S505200,2020-06-20 17:57:30.704,6,9,16,19,0
S505200,2020-06-20 17:59:59.746,4,2,12,26,0
S505200,2020-06-20 18:05:00.676,6,2,12,8,0
S505200,2020-06-20 18:34:00.674,5,0,11,5,0
S505200,2020-06-20 18:38:00.664,7,0,8,1,0
S505200,2020-06-20 18:40:00.774,8,1,9,12,0
S505200,2020-06-20 18:54:00.674,6,0,5,0,0
S505200,2020-06-20 18:58:00.704,2,4,12,5,0
S505200,2020-06-20 19:06:00.754,3,3,7,6,0
S505200,2020-06-20 19:12:00.757,5,0,14,3,0
S505200,2020-06-20 19:16:00.77,6,1,9,3,0
S505200,2020-06-20 19:20:00.69,4,5,10,9,0
S505200,2020-06-20 19:22:00.83,8,0,13,1,0
S505200,2020-06-20 19:28:00.81,7,0,11,13,0
S505200,2020-06-20 19:30:00.703,4,1,9,5,0
S505200,2020-06-20 19:38:00.69,8,0,1,4,0
S505200,2020-06-20 19:40:00.798,5,1,6,3,0
S505200,2020-06-20 19:54:00.73,9,2,7,0,0
S505200,2020-06-20 20:00:00.72,2,1,2,3,0
S505200,2020-06-20 20:08:00.68,4,1,9,3,0
S505200,2020-06-20 20:14:00.7,5,0,13,1,0
S505200,2020-06-20 20:16:00.78,4,0,5,2,0
S505200,2020-06-20 20:28:00.808,5,0,7,2,0
S505200,2020-06-20 20:46:00.704,3,0,2,1,0
S505200,2020-06-20 20:52:00.776,6,1,7,3,0
S505200,2020-06-20 20:54:00.716,7,0,2,5,0
S505200,2020-06-20 21:00:00.717,1,0,1,4,0
S505200,2020-06-20 21:04:00.674,5,0,2,0,0
S505200,2020-06-20 21:08:00.666,4,1,11,0,0
S505200,2020-06-20 21:10:00.847,4,0,2,0,0
S505200,2020-06-20 21:12:00.725,4,1,2,3,0
S505200,2020-06-20 21:24:00.725,5,0,5,2,0
S505200,2020-06-20 21:34:00.726,3,0,1,1,0
S505200,2020-06-20 21:40:00.658,3,0,2,2,0
S505200,2020-06-20 21:42:00.767,6,0,7,1,0
S505200,2020-06-20 21:47:59.787,4,0,2,3,0
S505200,2020-06-20 21:50:00.767,4,0,12,3,0
S505200,2020-06-20 22:02:00.707,5,0,2,2,0
S505200,2020-06-20 22:04:00.777,6,0,2,0,0
S505200,2020-06-20 22:12:00.737,7,1,2,0,0
S505200,2020-06-20 22:18:00.74,3,0,6,1,0
S505200,2020-06-20 22:24:00.715,2,0,2,0,0
S505200,2020-06-20 22:26:00.757,7,0,3,1,0
S505200,2020-06-20 22:28:00.797,2,0,0,0,0
S505200,2020-06-20 22:34:00.8,4,0,0,1,0
S505200,2020-06-20 22:36:00.777,3,0,2,1,0
S505200,2020-06-20 22:38:00.838,5,0,1,1,0
S505200,2020-06-20 22:56:00.705,4,1,2,0,0
S505200,2020-06-20 22:58:00.748,2,0,1,1,0
S505200,2020-06-20 23:05:00.606,2,0,3,0,0
S505200,2020-06-20 23:08:20.665,3,0,1,0,0
S505200,2020-06-20 23:18:20.776,1,0,1,3,0
S505200,2020-06-20 23:36:40.678,2,0,0,0,0
S505200,2020-06-20 23:38:20.68,2,0,0,0,0
S505200,2020-06-20 23:51:40.608,3,0,1,0,0
S505200,2020-06-20 23:55:00.688,4,0,0,0,0
S505200,2020-06-20 23:56:40.738,0,0,1,0,0
S505200,2020-06-21 00:00:00.758,1,2,1,0,0
S505200,2020-06-21 00:06:40.718,1,2,0,0,0
S505200,2020-06-21 00:13:20.696,3,1,1,0,0
S505200,2020-06-21 00:16:40.718,0,0,3,0,0
S505200,2020-06-21 00:28:20.628,2,0,1,0,0
S505200,2020-06-21 00:31:40.678,0,0,0,1,0
S505200,2020-06-21 00:33:20.666,1,0,0,0,0
S505200,2020-06-21 00:35:00.676,1,0,2,0,0
S505200,2020-06-21 00:40:00.699,1,0,0,0,0
S505200,2020-06-21 00:41:40.626,1,0,0,0,0
S505200,2020-06-21 00:50:00.716,0,0,0,0,0
S505200,2020-06-21 00:51:40.688,2,0,0,0,0
S505200,2020-06-21 00:53:20.649,1,0,0,0,0
S505200,2020-06-21 00:58:20.686,0,0,1,0,0
S505200,2020-06-21 01:01:40.548,0,0,1,0,0
S505200,2020-06-21 01:03:20.609,1,0,0,0,0
S505200,2020-06-21 01:11:40.608,1,0,0,0,0
S505200,2020-06-21 01:13:20.606,0,0,0,0,0
S505200,2020-06-21 01:16:40.508,1,0,0,0,0
S505200,2020-06-21 01:33:20.577,1,0,0,0,0
S505200,2020-06-21 01:35:00.678,1,0,0,0,0
S505200,2020-06-21 01:36:39.496,0,0,0,0,0
S505200,2020-06-21 01:43:20.608,0,0,0,0,0
S505200,2020-06-21 01:58:19.558,0,0,0,0,0
S505200,2020-06-21 02:05:00.618,1,0,0,0,0
S505200,2020-06-21 02:11:40.638,0,0,0,0,0
S505200,2020-06-21 02:13:20.628,3,0,0,0,0
S505200,2020-06-21 02:20:00.661,1,0,0,0,0
S505200,2020-06-21 02:23:20.587,0,0,0,0,0
S505200,2020-06-21 02:26:40.626,1,0,1,1,0
S505200,2020-06-21 02:40:00.62,0,0,0,0,0
S505200,2020-06-21 02:41:40.538,3,0,0,0,0
S505200,2020-06-21 02:46:40.538,0,0,0,0,0
S505200,2020-06-21 02:48:20.578,0,0,0,0,0
S505200,2020-06-21 02:55:00.668,1,0,0,0,0
S505200,2020-06-20 06:38:00.793,4,2,6,5,0
S505200,2020-06-20 06:40:00.657,7,0,8,4,0
S505200,2020-06-20 07:07:30.751,7,0,8,0,0
S505200,2020-06-20 07:15:00.808,6,5,11,4,0
S505200,2020-06-20 07:17:30.679,6,1,8,10,0
S505200,2020-06-20 07:22:30.627,12,15,10,1,0
S505200,2020-06-20 07:50:00.686,8,3,21,15,0
S505200,2020-06-20 07:52:30.653,15,5,15,6,0
S505200,2020-06-20 07:55:00.669,12,6,16,4,0
S505200,2020-06-20 08:00:00.82,5,6,10,4,0
S505200,2020-06-20 08:12:30.694,6,4,14,11,0
S505200,2020-06-20 08:27:30.728,15,6,8,0,0
S505200,2020-06-20 08:48:00.707,11,2,10,3,0
S505200,2020-06-20 08:58:00.647,11,4,5,3,0
S505200,2020-06-20 09:02:00.717,6,2,7,2,0
S505200,2020-06-20 09:12:00.737,5,2,7,2,0
S505200,2020-06-20 09:14:00.697,14,1,7,5,0
S505200,2020-06-20 09:22:00.717,11,0,12,0,0
S505200,2020-06-20 09:24:00.827,9,3,6,3,0
S505200,2020-06-20 09:38:00.766,15,2,7,4,0
S505200,2020-06-20 17:27:30.556,15,9,26,7,0
S505200,2020-06-20 17:35:00.73,8,8,19,11,0
S505200,2020-06-20 17:45:00.74,4,0,19,24,0
S505200,2020-06-20 17:52:30.708,8,1,18,14,0
S505200,2020-06-20 18:02:30.655,9,1,6,18,0
S505200,2020-06-20 18:17:30.663,11,16,20,12,0
S505200,2020-06-20 18:25:00.706,11,5,12,6,0
S505200,2020-06-20 18:27:30.736,7,1,8,14,0
S505200,2020-06-20 18:48:00.712,5,2,8,4,0
S505200,2020-06-20 18:49:59.744,4,1,11,4,0
S505200,2020-06-20 19:00:00.797,5,2,13,14,0
S505200,2020-06-20 19:04:00.744,6,1,10,12,0
S505200,2020-06-20 19:08:00.804,6,1,14,7,0
S505200,2020-06-20 19:10:00.747,4,1,13,2,0
S505200,2020-06-20 19:18:00.79,6,1,21,1,0
S505200,2020-06-20 19:23:59.59,4,1,13,3,0
S505200,2020-06-20 19:42:00.8,4,0,12,6,0
S505200,2020-06-20 19:48:00.728,8,3,6,3,0
S505200,2020-06-20 19:52:00.7,2,0,7,3,0
S505200,2020-06-20 19:56:00.76,2,1,9,4,0
S505200,2020-06-20 19:58:00.66,6,3,12,3,0
S505200,2020-06-20 20:20:00.77,5,0,4,1,0
S505200,2020-06-20 20:32:00.798,3,0,3,4,0
S505200,2020-06-20 20:34:00.83,2,0,6,0,0
S505200,2020-06-20 20:38:00.786,5,1,5,1,0
S505200,2020-06-20 20:40:00.776,7,0,6,2,0
S505200,2020-06-20 20:50:00.676,5,1,1,4,0
S505200,2020-06-20 20:56:00.806,5,0,4,3,0
S505200,2020-06-20 20:58:00.796,6,1,4,2,0
S505200,2020-06-20 21:02:00.716,2,0,6,0,0
S505200,2020-06-20 21:14:00.807,6,1,3,2,0
S505200,2020-06-20 21:32:00.652,7,1,4,0,0
S505200,2020-06-20 21:36:00.797,3,0,6,0,0
S505200,2020-06-20 21:38:00.797,9,0,9,2,0
S505200,2020-06-20 21:52:00.785,5,0,3,0,0
S505200,2020-06-20 21:58:00.597,5,0,2,2,0
S505200,2020-06-20 22:06:00.705,6,0,3,1,0
S505200,2020-06-20 22:10:00.706,4,0,2,1,0
S505200,2020-06-20 22:14:00.694,3,0,5,1,0
S505200,2020-06-20 22:20:00.77,5,1,6,0,0
S505200,2020-06-20 22:22:00.795,6,0,0,0,0
S505200,2020-06-20 22:40:00.757,5,0,0,1,0
S505200,2020-06-20 22:44:00.716,1,0,2,0,0
S505200,2020-06-20 22:46:00.708,2,0,1,1,0
S505200,2020-06-20 22:50:00.655,1,1,1,0,0
S505200,2020-06-20 23:00:00.635,1,0,1,0,0
S505200,2020-06-20 23:03:20.628,2,0,0,0,0
S505200,2020-06-20 23:10:00.647,5,0,1,0,0
S505200,2020-06-20 23:11:40.657,4,0,0,0,0
S505200,2020-06-20 23:15:00.748,0,0,1,0,0
S505200,2020-06-20 23:48:20.688,2,0,1,1,0
S505200,2020-06-20 23:53:20.746,3,0,0,0,0
S505200,2020-06-21 00:05:00.776,0,0,0,0,0
S505200,2020-06-21 00:08:20.768,2,0,0,0,0
S505200,2020-06-21 00:11:40.758,1,1,1,0,0
S505200,2020-06-21 00:21:40.658,1,0,0,0,0
S505200,2020-06-21 00:23:20.684,1,0,1,0,0
S505200,2020-06-21 00:25:00.876,2,0,1,0,0
S505200,2020-06-21 00:26:40.738,0,0,0,0,0
S505200,2020-06-21 00:38:20.777,2,0,0,0,0
S505200,2020-06-21 00:43:20.778,0,0,1,0,0
S505200,2020-06-21 00:45:00.778,0,0,0,0,0
S505200,2020-06-21 00:46:40.638,0,0,0,0,0
S505200,2020-06-21 00:55:00.791,1,0,1,0,0
S505200,2020-06-21 00:56:40.708,2,0,0,0,0
S505200,2020-06-21 01:04:59.528,0,0,0,0,0
S505200,2020-06-21 01:08:20.578,1,0,1,0,0
S505200,2020-06-21 01:18:20.616,1,0,0,0,0
S505200,2020-06-21 01:23:20.608,1,0,0,0,0
S505200,2020-06-21 01:25:00.568,1,0,0,0,0
S505200,2020-06-21 01:28:20.626,0,0,0,1,0
S505200,2020-06-21 01:30:00.638,1,0,0,3,0
S505200,2020-06-21 01:48:20.588,1,0,1,0,0
S505200,2020-06-21 01:50:00.706,0,0,0,0,0
S505200,2020-06-21 01:51:40.488,1,0,0,0,0
S505200,2020-06-21 01:56:40.526,1,0,0,0,0
S505200,2020-06-21 02:06:40.608,0,0,0,0,0
S505200,2020-06-21 02:08:20.516,0,0,0,0,0
S505200,2020-06-21 02:15:00.637,0,2,0,0,0
S505200,2020-06-21 02:18:20.673,0,0,0,0,0
S505200,2020-06-21 02:30:00.696,0,0,0,0,0
S505200,2020-06-21 02:35:00.566,1,0,0,0,0
S505200,2020-06-21 02:43:20.629,0,1,0,0,0
S505200,2020-06-21 02:51:40.628,1,0,0,0,0
S505200,2020-06-21 02:53:20.598,0,0,0,0,0
S505200,2020-06-21 02:58:20.536,1,0,0,0,0
S505200,2020-06-21 03:08:20.629,1,0,0,0,0
S505200,2020-06-21 03:14:59.566,1,0,0,0,0
S505200,2020-06-21 03:41:40.606,0,0,0,0,0
S505200,2020-06-21 03:50:00.676,1,0,0,0,0
S505200,2020-06-21 03:51:40.548,0,0,0,0,0
S505200,2020-06-21 03:56:40.546,1,0,0,0,0
S505200,2020-06-21 04:15:00.636,0,0,0,0,0
S505200,2020-06-21 04:25:00.696,0,0,0,0,0
S505200,2020-06-21 04:31:40.586,0,0,0,0,0
S505200,2020-06-21 04:35:03.888,2,0,0,1,0
S505200,2020-06-21 04:38:20.608,1,0,0,0,0
S505200,2020-06-21 04:48:20.616,1,0,0,0,0
S505200,2020-06-21 04:56:40.518,1,0,2,0,0
S505200,2020-06-21 05:01:40.558,0,0,0,0,0
S505200,2020-06-21 05:06:40.598,1,0,0,1,0
S505200,2020-06-21 05:15:00.617,0,0,0,2,0
S505200,2020-06-20 06:42:00.775,2,0,5,1,0
S505200,2020-06-20 06:44:00.724,3,4,9,2,0
S505200,2020-06-20 06:46:00.685,4,1,2,10,0
S505200,2020-06-20 07:02:30.723,6,3,11,13,0
S505200,2020-06-20 07:05:00.708,7,5,8,2,0
S505200,2020-06-20 07:27:30.817,12,14,11,5,0
S505200,2020-06-20 07:35:00.75,14,14,12,13,0
S505200,2020-06-20 07:47:30.644,14,5,13,7,0
S505200,2020-06-20 08:05:00.713,11,6,14,4,0
S505200,2020-06-20 08:17:30.738,11,1,6,6,0
S505200,2020-06-20 08:22:30.647,9,2,10,1,0
S505200,2020-06-20 08:38:00.677,11,5,8,3,0
S505200,2020-06-20 08:40:00.627,4,2,5,4,0
S505200,2020-06-20 08:46:00.98,5,1,8,5,0
S505200,2020-06-20 08:52:00.607,16,2,7,5,0
S505200,2020-06-20 08:54:00.747,12,0,9,4,0
S505200,2020-06-20 09:04:00.648,15,4,6,6,0
S505200,2020-06-20 09:08:00.707,10,6,25,1,0
S505200,2020-06-20 09:26:00.947,14,2,5,4,0
S505200,2020-06-20 09:34:00.697,5,2,13,5,0
S505200,2020-06-20 09:40:00.768,13,0,12,4,0
S505200,2020-06-20 17:30:00.72,4,0,12,0,0
S505200,2020-06-20 17:42:30.678,9,3,25,10,0
S505200,2020-06-20 18:07:29.614,7,1,9,9,0
S505200,2020-06-20 18:10:00.745,5,2,15,13,0
S505200,2020-06-20 18:12:30.784,9,1,13,13,0
S505200,2020-06-20 18:15:00.746,7,2,13,19,0
S505200,2020-06-20 18:22:30.706,6,3,19,18,0
S505200,2020-06-20 18:44:00.722,7,2,11,8,0
S505200,2020-06-20 18:46:00.774,4,3,5,6,0
S505200,2020-06-20 18:52:00.754,9,1,13,4,0
S505200,2020-06-20 18:56:00.784,3,0,6,2,0
S505200,2020-06-20 19:14:00.69,12,0,18,3,0
S505200,2020-06-20 19:26:00.68,3,1,10,5,0
S505200,2020-06-20 19:32:00.74,3,1,4,1,0
S505200,2020-06-20 19:44:00.814,4,1,13,4,0
S505200,2020-06-20 19:46:00.71,8,1,11,0,0
S505200,2020-06-20 19:50:00.7,3,2,11,3,0
S505200,2020-06-20 20:02:00.6,2,0,1,4,0
S505200,2020-06-20 20:04:00.8,5,0,4,2,0
S505200,2020-06-20 20:06:00.77,3,0,2,1,0
S505200,2020-06-20 20:42:00.713,5,2,5,2,0
S505200,2020-06-20 21:06:00.716,3,0,3,2,0
S505200,2020-06-20 21:20:00.717,4,1,1,0,0
S505200,2020-06-20 21:22:00.667,3,0,3,1,0
S505200,2020-06-20 21:28:00.668,3,1,1,0,0
S505200,2020-06-20 21:30:00.727,7,1,4,0,0
S505200,2020-06-20 21:44:00.657,6,0,3,0,0
S505200,2020-06-20 21:46:00.795,3,0,6,0,0
S505200,2020-06-20 22:00:00.757,5,0,5,1,0
S505200,2020-06-20 22:32:00.664,3,0,1,1,0
S505200,2020-06-20 22:42:00.758,3,0,0,1,0
S505200,2020-06-20 22:54:00.627,4,0,2,0,0
S505200,2020-06-20 23:16:40.668,6,0,0,0,0
S505200,2020-06-20 23:21:40.748,1,0,0,0,0
S505200,2020-06-20 23:30:00.728,4,0,1,0,0
S505200,2020-06-20 23:35:00.676,1,0,0,0,0
S505200,2020-06-20 23:43:20.658,1,0,1,0,0
S505200,2020-06-20 23:45:00.688,2,0,1,1,0
S505200,2020-06-20 23:46:40.731,1,0,0,0,0
S505200,2020-06-20 23:50:00.816,1,0,1,1,0
S505200,2020-06-21 00:01:40.688,2,0,1,0,0
S505200,2020-06-21 00:03:20.628,2,0,1,0,0
S505200,2020-06-21 00:18:20.668,1,0,1,0,0
S505200,2020-06-21 00:20:00.826,2,0,0,0,0
S505200,2020-06-21 00:48:20.769,1,0,0,0,0
S505200,2020-06-21 01:00:00.816,1,0,0,0,0
S505200,2020-06-21 01:10:00.516,0,0,0,0,0
S505200,2020-06-21 01:15:00.588,1,0,0,0,0
S505200,2020-06-21 01:20:00.598,1,0,0,0,0
S505200,2020-06-21 01:31:40.56,0,0,0,0,0
S505200,2020-06-21 01:38:20.526,0,0,0,0,0
S505200,2020-06-21 01:40:00.688,1,0,0,0,0
S505200,2020-06-21 01:41:40.666,0,0,0,0,0
S505200,2020-06-21 01:53:20.519,1,0,0,0,0
S505200,2020-06-21 02:00:00.616,0,0,0,0,0
S505200,2020-06-21 02:03:20.506,1,0,1,0,0
S505200,2020-06-21 02:10:00.678,0,0,0,0,0
S505200,2020-06-21 02:25:00.606,3,0,0,0,0
S505200,2020-06-21 02:28:20.626,1,0,0,0,0
S505200,2020-06-21 02:31:40.508,2,0,0,0,0
S505200,2020-06-21 02:38:20.618,1,0,0,0,0
S505200,2020-06-21 02:45:00.518,0,0,0,0,0
S505200,2020-06-21 02:56:40.508,1,0,0,0,0
S505200,2020-06-21 03:10:00.687,0,0,0,0,0
S505200,2020-06-21 03:23:20.478,1,0,0,1,0
S505200,2020-06-21 03:35:00.608,0,0,0,0,0
S505200,2020-06-21 03:36:40.506,0,0,0,0,0
S505200,2020-06-21 03:40:00.765,0,0,0,0,0
S505200,2020-06-21 03:43:20.631,0,0,0,0,0
S505200,2020-06-21 03:53:20.618,0,0,0,0,0
S505200,2020-06-21 04:01:40.586,1,0,0,0,0
S505200,2020-06-21 04:05:00.696,0,0,0,0,0
S505200,2020-06-21 04:06:40.598,1,0,0,0,0
S505200,2020-06-21 04:23:20.618,1,0,1,0,0
S505200,2020-06-21 04:26:40.536,2,1,0,0,0
S505200,2020-06-21 04:28:20.528,0,0,0,0,0
S505200,2020-06-21 05:03:20.528,2,0,0,0,0
S505200,2020-06-21 05:05:00.628,3,0,0,0,0
S505200,2020-06-21 05:10:00.531,1,0,1,0,0
S505200,2020-06-21 05:26:40.656,1,0,0,0,0
S505200,2020-06-21 05:43:20.568,1,0,2,0,0
S505200,2020-06-21 05:51:40.508,3,0,2,0,0
S505200,2020-06-21 05:55:00.631,5,0,1,0,0
S505200,2020-06-21 05:56:40.638,3,0,1,0,0
S505200,2020-06-21 05:58:20.568,1,0,1,1,0
S505200,2020-06-21 06:16:00.538,1,1,2,2,0
S505200,2020-06-21 06:18:00.498,4,0,3,0,0
S505200,2020-06-21 06:32:00.529,1,0,3,1,0
S505200,2020-06-21 06:42:00.635,6,0,2,0,0
S505200,2020-06-21 06:46:00.644,3,0,1,2,0
S505200,2020-06-21 06:48:00.596,5,1,3,0,0
S505200,2020-06-21 07:06:00.547,5,0,5,2,0
S505200,2020-06-21 07:12:00.575,6,0,2,2,0
S505200,2020-06-21 07:14:00.567,5,2,1,1,0
S505200,2020-06-21 07:24:00.555,4,1,3,0,0
S505200,2020-06-21 07:26:00.546,9,0,2,3,0
S505200,2020-06-21 07:36:00.517,5,3,1,0,0
S505200,2020-06-21 08:24:00.535,13,8,11,2,0
S505200,2020-06-21 08:42:30.591,23,1,3,4,0
S505200,2020-06-21 08:52:30.535,22,2,3,3,0
S505200,2020-06-20 06:48:00.75,4,0,14,2,0
S505200,2020-06-20 06:50:00.693,1,1,4,1,0
S505200,2020-06-20 06:52:00.693,3,4,9,1,0
S505200,2020-06-20 07:10:00.628,6,10,17,7,0
S505200,2020-06-20 07:37:30.622,12,4,18,5,0
S505200,2020-06-20 07:57:30.71,11,4,6,5,0
S505200,2020-06-20 08:07:30.583,10,2,11,6,0
S505200,2020-06-20 08:20:00.699,9,5,11,7,0
S505200,2020-06-20 08:42:00.757,9,0,10,0,0
S505200,2020-06-20 08:44:00.547,9,0,13,0,0
S505200,2020-06-20 08:56:00.886,18,11,9,5,0
S505200,2020-06-20 09:06:00.948,10,1,6,0,0
S505200,2020-06-20 09:16:00.885,17,5,12,3,0
S505200,2020-06-20 09:18:00.783,12,1,4,4,0
S505200,2020-06-20 17:32:30.761,4,5,14,13,0
S505200,2020-06-20 17:50:00.68,10,0,16,23,0
S505200,2020-06-20 18:20:00.736,9,1,10,20,0
S505200,2020-06-20 18:30:00.596,6,0,14,5,0
S505200,2020-06-20 18:32:00.694,3,0,11,15,0
S505200,2020-06-20 18:36:00.635,6,5,13,12,0
S505200,2020-06-20 18:42:00.734,5,12,13,4,0
S505200,2020-06-20 19:02:00.815,3,0,11,15,0
S505200,2020-06-20 19:34:00.778,2,0,7,2,0
S505200,2020-06-20 19:36:00.72,3,1,11,5,0
S505200,2020-06-20 20:10:00.85,6,1,8,1,0
S505200,2020-06-20 20:12:00.738,5,1,5,1,0
S505200,2020-06-20 20:18:00.7,5,1,3,1,0
S505200,2020-06-20 20:22:00.77,3,0,5,0,0
S505200,2020-06-20 20:24:00.609,3,0,5,2,0
S505200,2020-06-20 20:26:00.76,3,1,2,5,0
S505200,2020-06-20 20:30:00.718,4,0,4,1,0
S505200,2020-06-20 20:36:00.871,7,2,7,2,0
S505200,2020-06-20 20:44:00.776,3,0,4,2,0
S505200,2020-06-20 20:48:00.674,6,1,2,2,0
S505200,2020-06-20 21:16:00.725,3,0,2,1,0
S505200,2020-06-20 21:18:00.827,3,0,2,2,0
S505200,2020-06-20 21:26:00.686,3,1,1,0,0
S505200,2020-06-20 21:54:00.787,4,0,1,0,0
S505200,2020-06-20 21:56:00.728,3,0,3,0,0
S505200,2020-06-20 22:08:00.632,1,0,1,0,0
S505200,2020-06-20 22:16:00.838,3,0,0,0,0
S505200,2020-06-20 22:30:00.717,2,0,1,1,0
S505200,2020-06-20 22:48:00.757,5,0,1,0,0
S505200,2020-06-20 22:52:00.797,1,0,3,1,0
S505200,2020-06-20 23:01:40.717,2,0,0,0,0
S505200,2020-06-20 23:06:40.687,2,0,0,0,0
S505200,2020-06-20 23:13:20.628,0,0,1,0,0
S505200,2020-06-20 23:20:00.678,3,0,1,0,0
S505200,2020-06-20 23:23:20.727,1,0,0,0,0
S505200,2020-06-20 23:25:00.738,2,0,0,3,0
S505200,2020-06-20 23:26:40.714,3,0,1,1,0
S505200,2020-06-20 23:28:20.648,1,0,1,0,0
S505200,2020-06-20 23:31:40.678,0,0,1,0,0
S505200,2020-06-20 23:33:20.725,2,0,0,0,0
S505200,2020-06-20 23:40:00.698,1,0,1,0,0
S505200,2020-06-20 23:41:40.668,3,0,2,0,0
S505200,2020-06-20 23:58:20.628,2,0,1,0,0
S505200,2020-06-21 00:10:00.708,0,0,1,0,0
S505200,2020-06-21 00:15:00.697,1,0,1,1,0
S505200,2020-06-21 00:30:00.768,0,0,0,0,0
S505200,2020-06-21 00:36:40.657,2,0,6,0,0
S505200,2020-06-21 01:06:40.538,0,0,0,0,0
S505200,2020-06-21 01:21:40.618,1,0,0,0,0
S505200,2020-06-21 01:26:40.614,1,0,0,0,0
S505200,2020-06-21 01:45:00.688,0,0,0,0,0
S505200,2020-06-21 01:46:40.626,2,0,0,0,0
S505200,2020-06-21 01:55:00.707,0,0,0,0,0
S505200,2020-06-21 02:01:38.548,1,0,0,0,0
S505200,2020-06-21 02:16:40.585,0,0,0,0,0
S505200,2020-06-21 02:21:40.628,1,0,0,1,0
S505200,2020-06-21 02:33:20.538,0,0,0,0,0
S505200,2020-06-21 02:36:40.547,0,0,1,0,0
S505200,2020-06-21 02:49:59.566,0,0,1,0,0
S505200,2020-06-21 03:00:00.608,1,0,0,0,0
S505200,2020-06-21 03:11:40.588,0,0,0,0,0
S505200,2020-06-21 03:13:20.619,0,0,0,0,0
S505200,2020-06-21 03:20:00.638,0,0,0,1,0
S505200,2020-06-21 03:33:20.536,0,0,1,0,0
S505200,2020-06-21 03:38:20.506,0,0,0,0,0
S505200,2020-06-21 03:46:40.598,1,0,0,0,0
S505200,2020-06-21 03:55:00.648,0,0,0,0,0
S505200,2020-06-21 04:08:20.532,1,0,0,0,0
S505200,2020-06-21 04:10:00.726,1,0,0,0,0
S505200,2020-06-21 04:11:40.514,1,0,0,0,0
S505200,2020-06-21 04:13:20.528,1,0,0,0,0
S505200,2020-06-21 04:16:40.567,0,0,0,0,0
S505200,2020-06-21 04:30:00.626,2,0,0,0,0
S505200,2020-06-21 04:36:40.546,0,0,0,0,0
S505200,2020-06-21 04:40:00.737,3,0,0,0,0
S505200,2020-06-21 04:51:40.578,1,0,0,0,0
S505200,2020-06-21 04:53:20.611,0,1,0,0,0
S505200,2020-06-21 05:13:20.638,2,0,0,0,0
S505200,2020-06-21 05:16:40.538,1,0,0,0,0
S505200,2020-06-21 05:21:39.554,4,3,1,0,0
S505200,2020-06-21 05:30:00.536,2,0,2,0,0
S505200,2020-06-21 05:35:00.567,0,0,0,0,0
S505200,2020-06-21 05:41:40.578,2,0,0,0,0
S505200,2020-06-21 06:00:00.598,2,0,1,0,0
S505200,2020-06-21 06:04:00.496,4,0,1,0,0
S505200,2020-06-21 06:10:00.532,2,1,2,1,0
S505200,2020-06-21 06:24:00.598,2,3,1,2,0
S505200,2020-06-21 06:28:00.608,2,0,4,1,0
S505200,2020-06-21 06:30:00.699,3,0,1,1,0
S505200,2020-06-21 06:34:00.687,6,0,1,0,0
S505200,2020-06-21 06:36:00.598,2,0,2,1,0
S505200,2020-06-21 06:44:00.636,4,0,1,1,0
S505200,2020-06-21 06:50:00.656,4,2,1,1,0
S505200,2020-06-21 06:58:00.674,3,0,5,1,0
S505200,2020-06-21 07:16:00.635,2,3,3,2,0
S505200,2020-06-21 07:22:00.637,5,1,2,2,0
S505200,2020-06-21 07:28:00.625,4,3,2,0,0
S505200,2020-06-21 07:44:00.57,9,1,1,1,0
S505200,2020-06-21 07:46:00.493,8,1,3,5,0
S505200,2020-06-21 07:54:00.595,11,0,0,2,0
S505200,2020-06-21 07:57:59.535,11,0,3,0,0
S505200,2020-06-21 08:08:00.559,5,4,2,0,0
S505200,2020-06-21 08:10:00.598,6,0,10,0,0
S505200,2020-06-21 08:12:00.676,8,0,5,4,0
S505200,2020-06-21 08:20:00.635,8,0,7,1,0
S505200,2020-06-21 08:22:00.645,7,7,4,1,0
S505200,2020-06-21 08:40:00.584,14,1,11,7,0
S505200,2020-06-21 03:01:40.648,0,0,0,0,0
S505200,2020-06-21 03:03:20.698,1,0,0,0,0
S505200,2020-06-21 03:05:00.626,1,0,0,0,0
S505200,2020-06-21 03:06:40.528,1,0,1,0,0
S505200,2020-06-21 03:16:40.516,2,0,0,0,0
S505200,2020-06-21 03:18:20.606,0,0,0,0,0
S505200,2020-06-21 03:21:40.596,0,0,0,0,0
S505200,2020-06-21 03:25:00.648,0,0,0,0,0
S505200,2020-06-21 03:26:40.636,0,0,0,0,0
S505200,2020-06-21 03:28:20.628,0,0,0,0,0
S505200,2020-06-21 03:30:00.531,0,0,0,0,0
S505200,2020-06-21 03:31:40.518,1,0,0,0,0
S505200,2020-06-21 03:45:00.618,1,0,0,0,0
S505200,2020-06-21 03:48:20.588,1,0,0,0,0
S505200,2020-06-21 03:58:20.598,0,0,0,0,0
S505200,2020-06-21 04:00:00.598,1,0,0,0,0
S505200,2020-06-21 04:03:20.618,0,0,0,0,0
S505200,2020-06-21 04:18:20.608,0,0,1,0,0
S505200,2020-06-21 04:20:00.606,1,0,0,0,0
S505200,2020-06-21 04:21:40.568,1,0,0,1,0
S505200,2020-06-21 04:41:40.466,1,0,1,0,0
S505200,2020-06-21 04:43:20.529,2,0,0,0,0
S505200,2020-06-21 04:45:00.596,1,0,0,0,0
S505200,2020-06-21 04:46:40.478,1,0,0,0,0
S505200,2020-06-21 04:50:00.609,0,0,0,0,0
S505200,2020-06-21 04:55:00.709,0,0,0,0,0
S505200,2020-06-21 04:58:20.588,0,0,0,0,0
S505200,2020-06-21 05:00:00.606,1,0,0,0,0
S505200,2020-06-21 05:08:20.601,1,0,2,0,0
S505200,2020-06-21 05:11:40.648,3,0,1,0,0
S505200,2020-06-21 05:18:20.589,1,0,0,0,0
S505200,2020-06-21 05:20:00.638,2,0,0,1,0
S505200,2020-06-21 05:23:20.541,4,0,0,1,0
S505200,2020-06-21 05:25:00.668,2,0,0,0,0
S505200,2020-06-21 05:36:40.528,2,0,0,0,0
S505200,2020-06-21 05:38:20.579,2,2,1,0,0
S505200,2020-06-21 05:45:00.577,1,0,2,0,0
S505200,2020-06-21 05:48:20.546,2,0,0,2,0
S505200,2020-06-21 05:49:59.706,2,0,4,0,0
S505200,2020-06-21 05:53:20.528,2,0,2,0,0
S505200,2020-06-21 06:02:00.557,2,1,1,0,0
S505200,2020-06-21 06:06:00.546,2,5,1,3,0
S505200,2020-06-21 06:08:00.537,3,0,1,0,0
S505200,2020-06-21 06:40:00.641,5,0,1,2,0
S505200,2020-06-21 06:54:00.644,6,1,7,1,0
S505200,2020-06-21 06:56:00.526,4,2,3,0,0
S505200,2020-06-21 07:04:00.577,6,2,3,3,0
S505200,2020-06-21 07:08:00.557,3,4,2,1,0
S505200,2020-06-21 07:10:00.577,4,1,2,0,0
S505200,2020-06-21 07:20:00.657,8,0,1,0,0
S505200,2020-06-21 07:30:00.495,7,1,10,9,0
S505200,2020-06-21 07:32:00.507,5,0,2,1,0
S505200,2020-06-21 07:40:00.47,8,7,3,6,0
S505200,2020-06-21 07:42:00.593,7,0,6,6,0
S505200,2020-06-21 07:50:00.555,4,2,4,3,0
S505200,2020-06-21 07:52:00.615,13,1,1,3,0
S505200,2020-06-21 07:55:59.545,6,2,3,2,0
S505200,2020-06-21 08:04:00.605,8,0,2,0,0
S505200,2020-06-21 08:14:00.568,13,2,1,0,0
S505200,2020-06-21 08:16:00.588,8,0,5,2,0
S505200,2020-06-21 08:26:00.595,11,2,7,3,0
S505200,2020-06-21 08:30:31.333,14,0,1,3,0
S505200,2020-06-21 08:35:00.608,15,0,9,4,0
S505200,2020-06-21 08:37:30.57,14,4,9,6,0
S505200,2020-06-21 08:50:00.495,23,5,16,4,0
S505200,2020-06-21 09:00:00.674,21,0,14,0,0
S505200,2020-06-21 09:17:30.562,28,2,20,0,0
S505200,2020-06-21 09:22:30.535,31,5,14,3,0
S505200,2020-06-21 09:25:00.595,27,6,18,6,0
S505200,2020-06-21 09:27:30.442,27,1,16,11,0
S505200,2020-06-21 09:32:30.48,28,5,8,3,0
S505200,2020-06-21 09:45:00.811,35,1,22,4,0
S505200,2020-06-21 09:57:30.647,20,3,8,5,0
S505200,2020-06-21 10:00:00.6,27,0,12,5,0
S505200,2020-06-21 10:07:30.621,28,4,22,5,0
S505200,2020-06-21 10:10:00.651,26,1,15,5,0
S505200,2020-06-21 10:25:00.591,22,4,25,10,0
S505200,2020-06-21 10:37:30.507,18,4,22,7,0
S505200,2020-06-21 10:40:00.678,22,1,21,5,0
S505200,2020-06-21 10:47:30.594,28,6,34,15,0
S505200,2020-06-21 10:55:00.568,17,2,24,3,0
S505200,2020-06-21 10:57:30.529,20,4,20,3,0
S505200,2020-06-21 11:10:00.617,17,5,22,10,0
S505200,2020-06-21 11:15:00.649,17,0,29,9,0
S505200,2020-06-21 11:17:30.556,16,2,20,9,0
S505200,2020-06-21 11:45:00.553,20,2,29,21,0
S505200,2020-06-21 11:52:29.61,16,3,22,12,0
S505200,2020-06-21 11:57:30.608,14,1,21,10,0
S505200,2020-06-21 12:08:53.58,22,4,13,31,0
S505200,2020-06-21 12:25:00.545,13,0,17,7,0
S505200,2020-06-21 12:27:30.547,10,2,65,17,0
S505200,2020-06-21 12:30:00.635,13,3,47,17,0
S505200,2020-06-21 12:32:30.593,14,0,23,16,0
S505200,2020-06-21 12:37:30.607,14,3,23,20,0
S505200,2020-06-21 12:50:00.661,19,1,27,13,0
S505200,2020-06-21 12:57:30.571,19,1,15,7,0
S505200,2020-06-21 13:00:00.578,14,1,44,18,0
S505200,2020-06-21 13:05:00.526,10,2,14,9,0
S505200,2020-06-21 13:25:00.642,7,10,20,20,0
S505200,2020-06-21 13:40:00.642,8,6,30,19,0
S505200,2020-06-21 13:42:30.542,14,2,32,18,0
S505200,2020-06-21 13:45:00.722,14,0,30,6,0
S505200,2020-06-21 13:57:30.614,14,1,21,21,0
S505200,2020-06-21 14:00:00.592,18,5,20,35,0
S505200,2020-06-21 14:15:00.554,9,2,16,13,0
S505200,2020-06-21 14:20:00.543,12,7,44,29,0
S505200,2020-06-21 14:22:30.576,21,0,16,19,0
S505200,2020-06-21 14:30:00.637,10,0,23,21,0
S505200,2020-06-21 15:00:00.582,9,0,18,23,0
S505200,2020-06-21 15:05:00.587,11,5,13,19,0
S505200,2020-06-21 15:17:30.496,15,11,17,26,0
S505200,2020-06-21 15:20:00.566,8,3,52,19,0
S505200,2020-06-21 15:55:00.714,18,0,71,23,0
S505200,2020-06-21 15:57:30.625,14,2,53,24,0
S505200,2020-06-21 16:05:00.525,14,1,33,24,0
S505200,2020-06-21 16:10:00.524,7,17,21,23,0
S505200,2020-06-21 16:30:00.647,0,0,28,22,0
S505200,2020-06-21 16:32:47.561,17,4,25,21,0
S505200,2020-06-21 16:49:16.669,9,18,29,19,0
S505200,2020-06-21 17:10:00.835,6,5,23,11,0
S505200,2020-06-21 17:15:00.777,10,0,12,18,0
S505200,2020-06-21 05:28:20.648,2,0,1,0,0
S505200,2020-06-21 05:31:40.559,2,0,0,1,0
S505200,2020-06-21 05:33:20.598,0,0,3,0,0
S505200,2020-06-21 05:40:00.658,0,0,0,0,0
S505200,2020-06-21 05:46:40.668,2,0,0,0,0
S505200,2020-06-21 06:12:00.57,2,0,0,0,0
S505200,2020-06-21 06:14:00.498,2,1,1,0,0
S505200,2020-06-21 06:20:00.519,4,0,0,1,0
S505200,2020-06-21 06:22:00.596,2,0,0,0,0
S505200,2020-06-21 06:26:00.618,3,2,2,1,0
S505200,2020-06-21 06:38:00.626,4,1,1,0,0
S505200,2020-06-21 06:52:00.624,5,1,2,1,0
S505200,2020-06-21 07:00:00.534,3,0,5,0,0
S505200,2020-06-21 07:02:00.555,7,3,3,1,0
S505200,2020-06-21 07:18:00.577,7,1,3,1,0
S505200,2020-06-21 07:34:00.64,9,0,2,1,0
S505200,2020-06-21 07:38:00.67,7,0,5,4,0
S505200,2020-06-21 07:48:00.527,5,2,3,2,0
S505200,2020-06-21 08:00:00.635,9,2,5,2,0
S505200,2020-06-21 08:02:00.565,10,4,3,2,0
S505200,2020-06-21 08:05:59.582,8,0,5,7,0
S505200,2020-06-21 08:18:00.664,17,0,5,3,0
S505200,2020-06-21 08:32:30.48,13,4,14,4,0
S505200,2020-06-21 09:02:30.524,41,2,5,5,0
S505200,2020-06-21 09:07:30.565,48,3,15,5,0
S505200,2020-06-21 09:12:30.634,25,0,6,2,0
S505200,2020-06-21 09:15:00.634,27,5,8,8,0
S505200,2020-06-21 09:50:00.519,20,6,16,7,0
S505200,2020-06-21 09:52:30.549,25,3,8,2,0
S505200,2020-06-21 09:55:00.629,22,2,11,6,0
S505200,2020-06-21 10:02:30.476,23,2,16,4,0
S505200,2020-06-21 10:12:30.601,19,1,17,5,0
S505200,2020-06-21 10:20:00.622,21,2,19,7,0
S505200,2020-06-21 10:27:30.572,22,5,34,12,0
S505200,2020-06-21 10:29:59.513,26,13,18,10,0
S505200,2020-06-21 10:45:00.514,23,3,17,5,0
S505200,2020-06-21 10:50:00.564,26,2,20,10,0
S505200,2020-06-21 11:00:00.595,27,8,41,16,0
S505200,2020-06-21 11:05:00.581,19,5,14,12,0
S505200,2020-06-21 11:25:00.568,16,0,17,3,0
S505200,2020-06-21 11:32:30.542,23,1,27,8,0
S505200,2020-06-21 11:35:00.563,21,2,21,9,0
S505200,2020-06-21 11:40:00.679,13,1,52,14,0
S505200,2020-06-21 11:42:30.598,21,1,29,4,0
S505200,2020-06-21 11:47:30.54,16,2,18,11,0
S505200,2020-06-21 12:22:30.484,12,7,26,11,0
S505200,2020-06-21 12:47:30.538,19,2,14,19,0
S505200,2020-06-21 13:02:30.651,14,2,11,18,0
S505200,2020-06-21 13:12:30.694,15,1,19,27,0
S505200,2020-06-21 13:15:00.783,11,1,15,11,0
S505200,2020-06-21 13:22:29.742,15,2,23,19,0
S505200,2020-06-21 13:35:00.542,13,5,22,10,0
S505200,2020-06-21 13:37:30.612,12,1,25,16,0
S505200,2020-06-21 13:50:00.574,15,2,19,12,0
S505200,2020-06-21 13:55:00.527,17,1,32,15,0
S505200,2020-06-21 14:07:30.542,13,1,50,19,0
S505200,2020-06-21 14:10:00.482,14,13,19,18,0
S505200,2020-06-21 14:12:30.592,8,8,22,13,0
S505200,2020-06-21 14:27:30.577,13,1,19,17,0
S505200,2020-06-21 14:37:30.516,12,8,13,21,0
S505200,2020-06-21 14:40:00.636,13,0,9,7,0
S505200,2020-06-21 14:42:30.496,15,1,16,16,0
S505200,2020-06-21 14:47:30.566,7,7,18,16,0
S505200,2020-06-21 14:50:00.557,11,6,23,21,0
S505200,2020-06-21 14:52:30.576,16,3,18,30,0
S505200,2020-06-21 15:27:30.574,15,6,33,26,0
S505200,2020-06-21 15:37:30.536,14,1,15,24,0
S505200,2020-06-21 15:40:00.686,8,5,22,22,0
S505200,2020-06-21 15:42:30.544,15,1,16,14,0
S505200,2020-06-21 15:47:30.624,11,1,22,29,0
S505200,2020-06-21 15:52:30.534,9,2,23,21,0
S505200,2020-06-21 16:35:00.612,17,5,15,16,0
S505200,2020-06-21 16:37:30.507,3,2,30,16,0
S505200,2020-06-21 16:40:00.571,15,9,22,25,0
S505200,2020-06-21 16:52:30.577,21,5,68,29,0
S505200,2020-06-21 16:55:00.665,10,9,92,25,0
S505200,2020-06-21 17:17:30.527,6,4,37,18,0
S505200,2020-06-21 17:27:30.554,7,7,20,19,0
S505200,2020-06-21 17:30:00.543,5,4,27,17,0
S505200,2020-06-21 17:35:00.622,3,3,47,18,0
S505200,2020-06-21 17:57:30.622,4,1,74,27,0
S505200,2020-06-21 18:00:00.59,9,0,28,26,0
S505200,2020-06-21 18:02:30.659,3,4,18,25,0
S505200,2020-06-21 18:17:37.623,6,1,24,21,0
S505200,2020-06-21 18:20:28.902,3,1,15,14,0
S505200,2020-06-21 18:23:24.822,5,8,21,21,0
S505200,2020-06-21 18:26:08.702,4,1,37,24,0
S505200,2020-06-21 18:29:17.772,4,3,38,9,0
S505200,2020-06-21 18:31:52.69,7,4,18,23,0
S505200,2020-06-21 18:37:30.542,7,4,12,19,0
S505200,2020-06-21 18:42:30.63,2,1,16,19,0
S505200,2020-06-21 18:45:00.783,5,1,11,21,0
S505200,2020-06-21 18:47:30.711,6,0,11,21,0
S505200,2020-06-21 19:08:00.637,4,0,13,13,0
S505200,2020-06-21 19:14:00.766,1,2,12,17,0
S505200,2020-06-21 19:22:00.751,5,1,15,16,0
S505200,2020-06-21 19:28:00.813,4,2,7,10,0
S505200,2020-06-21 20:10:00.759,5,5,17,14,0
S505200,2020-06-21 20:12:00.657,3,3,12,11,0
S505200,2020-06-21 20:16:00.727,4,1,13,2,0
S505200,2020-06-21 20:26:00.682,5,1,7,3,0
S505200,2020-06-21 20:28:00.829,2,0,12,6,0
S505200,2020-06-21 20:40:00.804,2,0,9,8,0
S505200,2020-06-21 20:48:00.794,4,1,12,4,0
S505200,2020-06-21 20:52:00.901,3,1,4,4,0
S505200,2020-06-21 21:00:00.85,1,0,6,0,0
S505200,2020-06-21 21:22:00.682,4,0,1,1,0
S505200,2020-06-21 21:30:00.748,1,0,1,2,0
S505200,2020-06-21 21:36:00.696,6,0,2,1,0
S505200,2020-06-21 21:38:00.757,1,0,5,0,0
S505200,2020-06-21 22:00:00.845,1,0,0,0,0
S505200,2020-06-21 22:04:00.785,1,0,0,0,0
S505200,2020-06-21 22:09:59.696,1,0,1,1,0
S505200,2020-06-21 22:16:00.734,2,0,2,1,0
S505200,2020-06-21 22:22:00.784,2,0,0,0,0
S505200,2020-06-21 22:28:00.752,2,1,1,1,0
S505200,2020-06-21 22:40:00.641,1,0,1,3,0
S505200,2020-06-21 22:54:00.738,1,0,0,0,0
S505200,2020-06-21 23:01:40.605,3,0,0,0,0
S505200,2020-06-21 23:03:20.728,2,0,0,1,0
S505200,2020-06-21 08:45:00.543,17,0,9,3,0
S505200,2020-06-21 08:47:30.553,16,1,11,5,0
S505200,2020-06-21 09:20:00.615,33,8,11,4,0
S505200,2020-06-21 09:37:30.519,36,5,14,5,0
S505200,2020-06-21 09:40:00.649,28,2,53,3,0
S505200,2020-06-21 09:42:30.549,33,4,20,3,0
S505200,2020-06-21 10:17:30.503,24,6,26,12,0
S505200,2020-06-21 10:22:30.502,27,4,12,4,0
S505200,2020-06-21 10:35:00.696,22,2,12,1,0
S505200,2020-06-21 10:52:29.535,34,1,24,4,0
S505200,2020-06-21 11:02:30.593,21,2,21,8,0
S505200,2020-06-21 11:20:00.682,22,4,29,4,0
S505200,2020-06-21 11:27:30.528,18,10,26,16,0
S505200,2020-06-21 11:30:00.677,21,40,36,9,0
S505200,2020-06-21 11:37:30.62,17,3,17,23,0
S505200,2020-06-21 11:55:00.582,17,1,52,8,0
S505200,2020-06-21 12:00:00.622,17,3,43,10,0
S505200,2020-06-21 12:12:30.562,11,2,43,20,0
S505200,2020-06-21 12:15:00.576,16,1,46,19,0
S505200,2020-06-21 12:17:30.587,21,0,109,25,0
S505200,2020-06-21 12:20:00.583,16,1,30,30,0
S505200,2020-06-21 12:40:00.646,18,3,18,16,0
S505200,2020-06-21 12:42:30.528,19,4,24,21,0
S505200,2020-06-21 12:45:00.741,10,2,20,6,0
S505200,2020-06-21 12:55:00.501,14,9,16,9,0
S505200,2020-06-21 13:07:30.761,14,1,14,12,0
S505200,2020-06-21 13:10:00.827,17,3,17,11,0
S505200,2020-06-21 13:27:30.512,4,6,18,19,0
S505200,2020-06-21 13:30:00.591,16,2,13,12,0
S505200,2020-06-21 13:32:30.55,14,2,23,14,0
S505200,2020-06-21 13:47:30.534,12,3,25,20,0
S505200,2020-06-21 13:52:30.544,16,0,37,21,0
S505200,2020-06-21 14:02:30.524,15,4,18,21,0
S505200,2020-06-21 14:05:00.604,14,1,19,22,0
S505200,2020-06-21 14:25:00.537,12,1,21,24,0
S505200,2020-06-21 14:32:30.477,15,2,29,17,0
S505200,2020-06-21 14:35:00.494,12,4,15,17,0
S505200,2020-06-21 14:45:00.644,8,3,17,20,0
S505200,2020-06-21 14:55:00.624,14,2,11,24,0
S505200,2020-06-21 15:15:00.564,15,2,17,18,0
S505200,2020-06-21 15:22:30.506,14,0,23,20,0
S505200,2020-06-21 15:30:00.557,13,2,38,21,0
S505200,2020-06-21 15:35:00.583,20,0,34,18,0
S505200,2020-06-21 15:45:00.623,22,8,31,24,0
S505200,2020-06-21 16:02:30.524,9,2,18,16,0
S505200,2020-06-21 16:07:30.624,7,6,32,22,0
S505200,2020-06-21 16:15:00.615,11,3,46,12,0
S505200,2020-06-21 16:17:30.759,22,4,13,17,0
S505200,2020-06-21 16:20:00.607,7,6,15,22,0
S505200,2020-06-21 16:22:30.974,8,1,24,26,0
S505200,2020-06-21 16:27:31.047,6,3,30,29,0
S505200,2020-06-21 17:06:38.637,13,4,22,19,0
S505200,2020-06-21 17:12:30.616,6,1,25,15,0
S505200,2020-06-21 17:25:00.608,4,3,30,16,0
S505200,2020-06-21 17:37:30.502,6,3,20,27,0
S505200,2020-06-21 17:40:00.593,4,0,28,21,0
S505200,2020-06-21 17:45:00.648,6,0,23,26,0
S505200,2020-06-21 17:47:30.533,4,3,26,26,0
S505200,2020-06-21 17:50:00.542,4,0,28,23,0
S505200,2020-06-21 18:08:49.732,9,1,23,22,0
S505200,2020-06-21 18:11:33.087,3,1,19,24,0
S505200,2020-06-21 18:50:00.829,3,2,14,17,0
S505200,2020-06-21 18:52:30.64,7,0,16,20,0
S505200,2020-06-21 18:55:00.759,3,1,22,23,0
S505200,2020-06-21 18:57:30.667,6,1,26,26,0
S505200,2020-06-21 19:10:00.766,6,3,21,14,0
S505200,2020-06-21 19:16:00.701,4,0,27,11,0
S505200,2020-06-21 19:30:00.701,4,3,13,11,0
S505200,2020-06-21 19:34:00.703,2,0,16,16,0
S505200,2020-06-21 19:44:00.677,3,0,5,12,0
S505200,2020-06-21 20:06:00.698,5,0,15,15,0
S505200,2020-06-21 20:14:00.855,2,0,18,1,0
S505200,2020-06-21 20:18:00.657,1,0,10,14,0
S505200,2020-06-21 20:20:00.706,7,0,13,4,0
S505200,2020-06-21 20:24:00.745,3,0,9,2,0
S505200,2020-06-21 20:30:00.755,3,1,12,3,0
S505200,2020-06-21 20:32:00.666,4,0,10,1,0
S505200,2020-06-21 20:34:00.737,3,0,7,1,0
S505200,2020-06-21 20:36:00.691,3,1,12,2,0
S505200,2020-06-21 20:44:00.71,1,0,7,4,0
S505200,2020-06-21 20:56:00.743,0,2,5,1,0
S505200,2020-06-21 20:57:59.735,4,1,4,6,0
S505200,2020-06-21 21:08:00.604,2,0,3,9,0
S505200,2020-06-21 21:10:00.593,2,1,4,4,0
S505200,2020-06-21 21:20:00.766,3,0,4,1,0
S505200,2020-06-21 21:28:00.728,1,0,3,0,0
S505200,2020-06-21 21:34:00.781,3,0,3,0,0
S505200,2020-06-21 21:48:00.797,4,0,1,2,0
S505200,2020-06-21 22:02:00.816,1,0,1,0,0
S505200,2020-06-21 22:14:00.765,0,0,0,6,0
S505200,2020-06-21 22:36:00.762,2,0,0,0,0
S505200,2020-06-21 22:44:00.819,3,0,1,1,0
S505200,2020-06-21 22:58:00.635,3,1,0,1,0
S505200,2020-06-21 23:00:00.738,2,0,0,0,0
S505200,2020-06-21 23:10:00.711,2,0,0,0,0
S505200,2020-06-21 23:18:20.688,1,0,3,0,0
S505200,2020-06-21 23:21:40.697,3,0,1,0,0
S505200,2020-06-21 23:31:40.638,0,0,0,0,0
S505200,2020-06-21 23:40:00.728,3,0,0,0,0
S505200,2020-06-21 23:45:00.768,1,0,0,0,0
S505200,2020-06-21 23:55:00.696,0,0,0,0,0
S505200,2020-06-22 00:01:40.666,1,0,0,0,0
S505200,2020-06-22 00:03:20.832,0,0,1,0,0
S505200,2020-06-22 00:05:00.747,0,0,1,0,0
S505200,2020-06-22 00:08:19.812,1,0,0,0,0
S505200,2020-06-22 00:11:40.506,2,0,0,0,0
S505200,2020-06-22 00:13:20.548,0,0,0,0,0
S505200,2020-06-22 00:16:40.536,1,0,0,0,0
S505200,2020-06-22 00:36:40.607,0,0,1,2,0
S505200,2020-06-22 00:40:00.622,0,0,0,1,0
S505200,2020-06-22 00:50:00.711,1,0,0,0,0
S505200,2020-06-22 00:51:40.516,1,0,0,0,0
S505200,2020-06-22 01:00:00.737,0,0,0,0,0
S505200,2020-06-22 01:01:40.628,1,0,0,1,0
S505200,2020-06-22 01:13:20.464,0,0,0,0,0
S505200,2020-06-22 01:36:40.619,1,0,0,0,0
S505200,2020-06-22 01:38:20.637,0,0,0,0,0
S505200,2020-06-22 01:40:00.667,1,0,0,0,0
S505200,2020-06-22 01:55:00.678,2,0,0,0,0
S505200,2020-06-22 02:00:00.62,0,0,0,0,0
S505200,2020-06-22 02:03:18.597,0,0,0,0,0
S505200,2020-06-21 08:55:00.644,31,3,8,1,0
S505200,2020-06-21 08:57:30.494,23,1,6,3,0
S505200,2020-06-21 09:05:00.606,27,1,20,5,0
S505200,2020-06-21 09:10:00.634,22,1,5,5,0
S505200,2020-06-21 09:30:00.644,33,3,22,9,0
S505200,2020-06-21 09:35:00.57,34,4,17,1,0
S505200,2020-06-21 09:47:30.549,20,4,13,6,0
S505200,2020-06-21 10:05:00.496,18,6,9,1,0
S505200,2020-06-21 10:15:00.561,28,5,23,9,0
S505200,2020-06-21 10:32:30.497,27,4,11,9,0
S505200,2020-06-21 10:42:30.632,19,3,30,9,0
S505200,2020-06-21 11:07:30.481,20,13,21,9,0
S505200,2020-06-21 11:12:30.511,21,3,34,12,0
S505200,2020-06-21 11:22:30.542,16,2,27,4,0
S505200,2020-06-21 11:50:00.592,23,2,37,10,0
S505200,2020-06-21 12:02:30.51,11,4,13,15,0
S505200,2020-06-21 12:05:00.63,16,2,43,20,0
S505200,2020-06-21 12:35:00.678,19,3,15,9,0
S505200,2020-06-21 12:52:30.56,9,2,20,9,0
S505200,2020-06-21 13:17:30.732,14,1,13,12,0
S505200,2020-06-21 13:20:00.784,16,2,53,9,0
S505200,2020-06-21 14:17:30.483,13,1,21,28,0
S505200,2020-06-21 14:57:30.556,10,2,21,23,0
S505200,2020-06-21 15:02:30.616,9,9,39,20,0
S505200,2020-06-21 15:07:30.494,9,1,22,24,0
S505200,2020-06-21 15:10:00.536,10,9,16,21,0
S505200,2020-06-21 15:12:30.566,12,1,13,21,0
S505200,2020-06-21 15:25:00.715,10,2,21,16,0
S505200,2020-06-21 15:32:30.607,28,1,57,20,0
S505200,2020-06-21 15:50:00.583,18,2,22,27,0
S505200,2020-06-21 16:00:00.624,8,5,71,16,0
S505200,2020-06-21 16:12:30.555,11,8,23,23,0
S505200,2020-06-21 16:25:00.587,11,6,22,21,0
S505200,2020-06-21 16:42:30.65,4,2,44,29,0
S505200,2020-06-21 16:45:38.59,16,0,29,28,0
S505200,2020-06-21 16:57:30.569,9,4,26,17,0
S505200,2020-06-21 17:00:00.599,4,0,26,21,0
S505200,2020-06-21 17:02:30.617,2,1,35,30,0
S505200,2020-06-21 17:42:30.501,5,3,20,30,0
S505200,2020-06-21 18:05:51.75,3,2,47,24,0
S505200,2020-06-21 18:14:39.927,3,1,38,16,0
S505200,2020-06-21 18:35:00.73,6,1,63,21,0
S505200,2020-06-21 18:40:00.78,3,0,15,26,0
S505200,2020-06-21 19:12:00.628,1,3,21,12,0
S505200,2020-06-21 19:18:00.687,6,0,17,10,0
S505200,2020-06-21 19:20:00.696,1,2,19,10,0
S505200,2020-06-21 19:24:00.682,6,0,10,11,0
S505200,2020-06-21 19:38:00.656,1,0,17,6,0
S505200,2020-06-21 19:40:00.708,3,0,20,13,0
S505200,2020-06-21 19:46:00.697,6,1,8,7,0
S505200,2020-06-21 19:48:00.757,3,0,12,14,0
S505200,2020-06-21 19:52:00.795,3,2,15,13,0
S505200,2020-06-21 19:58:00.789,2,2,12,11,0
S505200,2020-06-21 20:02:00.749,4,0,16,5,0
S505200,2020-06-21 20:04:00.696,3,6,25,6,0
S505200,2020-06-21 20:21:59.738,2,0,12,5,0
S505200,2020-06-21 20:42:00.684,4,0,7,1,0
S505200,2020-06-21 20:46:00.784,3,0,8,2,0
S505200,2020-06-21 20:50:00.825,1,1,8,2,0
S505200,2020-06-21 21:02:00.7,5,1,5,3,0
S505200,2020-06-21 21:12:00.756,4,0,5,1,0
S505200,2020-06-21 21:16:00.819,6,0,5,2,0
S505200,2020-06-21 21:24:00.675,4,0,3,2,0
S505200,2020-06-21 21:46:00.825,1,0,7,1,0
S505200,2020-06-21 21:50:00.839,4,0,1,3,0
S505200,2020-06-21 21:56:00.656,4,0,3,0,0
S505200,2020-06-21 21:58:00.616,1,0,1,1,0
S505200,2020-06-21 22:18:00.644,2,0,1,1,0
S505200,2020-06-21 22:26:00.744,2,0,1,0,0
S505200,2020-06-21 22:34:00.674,0,0,3,0,0
S505200,2020-06-21 22:38:00.679,1,0,1,0,0
S505200,2020-06-21 22:42:00.731,3,0,0,1,0
S505200,2020-06-21 22:48:00.776,2,0,0,0,0
S505200,2020-06-21 22:50:00.707,1,2,0,0,0
S505200,2020-06-21 22:52:00.777,2,1,0,1,0
S505200,2020-06-21 23:05:00.696,4,0,0,0,0
S505200,2020-06-21 23:06:40.709,1,0,2,0,0
S505200,2020-06-21 23:08:20.657,3,0,1,0,0
S505200,2020-06-21 23:11:40.646,2,1,0,0,0
S505200,2020-06-21 23:15:00.696,1,0,0,0,0
S505200,2020-06-21 23:16:40.642,2,0,2,0,0
S505200,2020-06-21 23:20:00.738,2,0,1,0,0
S505200,2020-06-21 23:23:20.686,0,2,1,1,0
S505200,2020-06-21 23:28:19.752,1,0,0,0,0
S505200,2020-06-21 23:38:20.684,0,0,2,0,0
S505200,2020-06-21 23:46:40.656,0,0,3,0,0
S505200,2020-06-21 23:50:00.698,0,0,0,1,0
S505200,2020-06-21 23:56:40.697,1,0,1,1,0
S505200,2020-06-22 00:00:00.707,1,0,0,0,0
S505200,2020-06-22 00:20:00.686,1,0,0,0,0
S505200,2020-06-22 00:30:00.714,1,0,0,0,0
S505200,2020-06-22 00:31:40.516,0,0,0,0,0
S505200,2020-06-22 00:33:19.647,1,0,0,0,0
S505200,2020-06-22 00:43:20.627,1,0,1,0,0
S505200,2020-06-22 00:46:40.614,1,0,0,0,0
S505200,2020-06-22 01:06:40.538,0,0,0,0,0
S505200,2020-06-22 01:11:40.527,0,0,0,0,0
S505200,2020-06-22 01:20:00.528,1,0,0,0,0
S505200,2020-06-22 01:23:20.606,0,0,0,0,0
S505200,2020-06-22 01:33:20.572,0,0,0,0,0
S505200,2020-06-22 02:19:59.489,0,0,0,0,0
S505200,2020-06-22 02:21:40.639,0,0,0,0,0
S505200,2020-06-22 02:25:00.669,1,0,0,0,0
S505200,2020-06-22 02:26:39.55,0,0,0,0,0
S505200,2020-06-22 02:28:20.626,0,0,0,0,0
S505200,2020-06-22 02:33:20.57,0,0,0,0,0
S505200,2020-06-22 02:43:20.519,0,0,0,0,0
S505200,2020-06-22 02:48:20.516,0,0,0,0,0
S505200,2020-06-22 02:55:00.657,0,0,0,0,0
S505200,2020-06-22 02:56:40.51,0,0,0,0,0
S505200,2020-06-22 03:03:20.627,0,0,0,0,0
S505200,2020-06-22 03:06:40.597,0,0,0,0,0
S505200,2020-06-22 03:11:40.61,0,0,0,0,0
S505200,2020-06-22 03:13:20.593,1,0,0,0,0
S505200,2020-06-22 03:17:18.32,0,0,0,0,0
S505200,2020-06-22 03:21:40.487,0,0,0,0,0
S505200,2020-06-22 03:23:20.448,0,0,0,0,0
S505200,2020-06-22 03:30:00.717,1,0,0,0,0
S505200,2020-06-22 03:35:00.686,0,0,0,0,0
S505200,2020-06-22 03:38:20.629,0,0,0,0,0
S505200,2020-06-22 03:40:00.638,0,0,0,0,0
S505200,2020-06-22 03:41:40.637,0,0,0,0,0
S505200,2020-06-22 03:45:00.619,0,0,0,0,0
S505200,2020-06-21 17:20:00.655,5,2,54,8,0
S505200,2020-06-21 17:22:30.548,3,3,14,9,0
S505200,2020-06-21 17:32:30.641,3,10,47,18,0
S505200,2020-06-21 17:52:30.6,9,3,45,23,0
S505200,2020-06-21 17:55:00.555,5,1,18,25,0
S505200,2020-06-21 19:00:00.749,6,2,19,22,0
S505200,2020-06-21 19:02:00.698,3,0,15,23,0
S505200,2020-06-21 19:04:00.653,4,1,5,19,0
S505200,2020-06-21 19:06:00.63,5,0,4,14,0
S505200,2020-06-21 19:26:00.69,4,0,9,11,0
S505200,2020-06-21 19:32:00.721,5,0,7,12,0
S505200,2020-06-21 19:36:00.657,2,8,10,12,0
S505200,2020-06-21 19:42:00.759,4,2,9,14,0
S505200,2020-06-21 19:50:00.749,4,4,14,11,0
S505200,2020-06-21 19:54:00.697,7,1,11,7,0
S505200,2020-06-21 19:56:00.767,3,3,8,17,0
S505200,2020-06-21 20:00:00.759,5,5,12,7,0
S505200,2020-06-21 20:08:00.694,5,1,14,9,0
S505200,2020-06-21 20:38:00.784,2,1,7,1,0
S505200,2020-06-21 20:54:00.726,4,0,3,1,0
S505200,2020-06-21 21:04:00.852,4,1,3,0,0
S505200,2020-06-21 21:06:00.818,4,1,5,7,0
S505200,2020-06-21 21:14:00.873,3,0,5,1,0
S505200,2020-06-21 21:18:00.707,3,1,4,1,0
S505200,2020-06-21 21:26:00.652,8,0,3,0,0
S505200,2020-06-21 21:32:00.737,3,0,4,0,0
S505200,2020-06-21 21:40:00.768,4,0,1,1,0
S505200,2020-06-21 21:42:00.685,3,0,2,0,0
S505200,2020-06-21 21:44:00.657,3,0,2,1,0
S505200,2020-06-21 21:52:00.789,3,0,1,3,0
S505200,2020-06-21 21:54:00.729,3,0,2,0,0
S505200,2020-06-21 22:06:00.825,5,1,1,0,0
S505200,2020-06-21 22:08:00.744,2,0,1,1,0
S505200,2020-06-21 22:20:00.834,1,0,0,0,0
S505200,2020-06-21 22:24:00.764,2,0,2,0,0
S505200,2020-06-21 22:30:00.792,4,0,2,1,0
S505200,2020-06-21 22:32:00.7,1,0,0,0,0
S505200,2020-06-21 22:45:59.775,1,0,0,0,0
S505200,2020-06-21 22:56:00.78,1,0,1,0,0
S505200,2020-06-21 23:33:20.744,0,0,0,0,0
S505200,2020-06-21 23:35:00.72,1,0,1,0,0
S505200,2020-06-21 23:41:40.696,0,0,0,0,0
S505200,2020-06-21 23:43:20.777,0,0,0,2,0
S505200,2020-06-21 23:48:20.697,1,0,0,0,0
S505200,2020-06-21 23:51:40.626,2,0,0,0,0
S505200,2020-06-21 23:58:20.704,1,0,0,0,0
S505200,2020-06-22 00:06:40.728,1,0,1,0,0
S505200,2020-06-22 00:10:00.616,2,0,0,0,0
S505200,2020-06-22 00:15:00.63,1,0,1,0,0
S505200,2020-06-22 00:18:20.526,1,0,0,0,0
S505200,2020-06-22 00:53:20.537,0,0,0,0,0
S505200,2020-06-22 00:56:40.588,1,0,1,0,0
S505200,2020-06-22 00:58:20.654,0,0,0,0,0
S505200,2020-06-22 01:03:20.664,1,0,0,0,0
S505200,2020-06-22 01:08:20.516,0,0,0,0,0
S505200,2020-06-22 01:15:00.456,0,0,0,0,0
S505200,2020-06-22 01:18:20.476,1,0,0,0,0
S505200,2020-06-22 01:26:39.577,0,0,0,0,0
S505200,2020-06-22 01:30:00.744,1,0,0,0,0
S505200,2020-06-22 01:41:40.626,1,0,0,0,0
S505200,2020-06-22 01:43:20.569,0,0,0,0,0
S505200,2020-06-22 01:45:00.696,0,0,0,0,0
S505200,2020-06-22 01:48:20.638,0,0,0,0,0
S505200,2020-06-22 01:50:00.669,1,0,0,0,0
S505200,2020-06-22 01:51:40.518,0,0,1,0,0
S505200,2020-06-22 01:53:20.64,0,0,0,0,0
S505200,2020-06-22 01:58:20.528,2,0,0,0,0
S505200,2020-06-22 02:01:40.686,1,0,0,0,0
S505200,2020-06-22 02:10:00.578,0,0,0,0,0
S505200,2020-06-22 02:11:40.619,0,0,0,0,0
S505200,2020-06-22 02:16:40.586,0,0,0,0,0
S505200,2020-06-22 02:23:20.499,1,0,0,0,0
S505200,2020-06-22 02:30:00.724,0,0,0,0,0
S505200,2020-06-22 02:35:00.791,1,0,0,0,0
S505200,2020-06-22 02:38:20.632,1,0,0,0,0
S505200,2020-06-22 02:41:40.683,0,0,0,0,0
S505200,2020-06-22 02:53:20.632,1,0,0,0,0
S505200,2020-06-22 02:58:20.566,0,0,0,1,0
S505200,2020-06-22 03:00:00.66,1,0,0,0,0
S505200,2020-06-22 03:18:20.556,0,0,0,0,0
S505200,2020-06-22 03:20:00.645,0,0,0,0,0
S505200,2020-06-22 03:26:40.6,0,0,0,0,0
S505200,2020-06-22 03:28:20.64,0,0,0,0,0
S505200,2020-06-22 03:43:20.525,0,0,0,0,0
S505200,2020-06-22 03:55:00.681,0,0,0,0,0
S505200,2020-06-22 03:58:20.499,0,0,0,0,0
S505200,2020-06-22 04:01:40.665,1,0,1,0,0
S505200,2020-06-22 04:06:40.66,0,0,0,0,0
S505200,2020-06-22 04:10:00.618,0,0,2,0,0
S505200,2020-06-22 04:13:20.669,0,0,0,0,0
S505200,2020-06-22 04:20:00.609,1,0,2,0,0
S505200,2020-06-22 04:25:00.666,0,0,0,0,0
S505200,2020-06-22 04:35:00.623,1,0,0,0,0
S505200,2020-06-22 04:36:40.554,1,0,0,0,0
S505200,2020-06-22 04:48:20.543,0,0,0,0,0
S505200,2020-06-22 05:08:20.645,0,0,0,0,0
S505200,2020-06-22 05:10:00.695,2,0,1,0,0
S505200,2020-06-22 05:11:40.645,1,0,0,0,0
S505200,2020-06-22 05:18:20.598,1,0,1,1,0
S505200,2020-06-22 05:30:00.574,1,0,0,0,0
S505200,2020-06-22 05:36:40.583,2,0,2,0,0
S505200,2020-06-22 05:38:20.599,0,1,1,0,0
S505200,2020-06-22 05:45:00.64,2,0,1,0,0
S505200,2020-06-22 05:48:20.504,1,0,2,3,0
S505200,2020-06-22 05:56:40.537,2,1,2,0,0
S505200,2020-06-22 05:58:20.541,2,4,1,0,0
S505200,2020-06-22 06:02:00.604,1,0,1,2,0
S505200,2020-06-22 06:28:00.586,3,0,8,1,0
S505200,2020-06-22 06:36:00.577,2,2,11,8,0
S505200,2020-06-22 06:42:00.647,2,6,8,4,0
S505200,2020-06-22 06:44:00.546,4,0,7,1,0
S505200,2020-06-22 06:56:00.679,3,0,13,6,0
S505200,2020-06-22 07:10:00.577,7,1,27,13,0
S505200,2020-06-22 07:15:00.686,2,3,11,1,0
S505200,2020-06-22 07:30:00.613,10,7,15,7,0
S505200,2020-06-22 07:32:30.518,8,0,12,9,0
S505200,2020-06-22 07:47:30.477,8,1,15,4,0
S505200,2020-06-22 07:52:30.716,10,0,18,3,0
S505200,2020-06-22 07:57:30.754,7,4,12,7,0
S505200,2020-06-22 08:27:30.67,6,3,26,2,0
S505200,2020-06-22 08:32:00.567,6,1,30,5,0
S505200,2020-06-22 08:43:59.649,8,3,2,5,0
S505200,2020-06-22 08:46:00.549,6,1,9,1,0
S505200,2020-06-21 23:13:20.606,0,0,1,0,0
S505200,2020-06-21 23:25:00.689,4,0,0,0,0
S505200,2020-06-21 23:26:40.756,1,0,0,0,0
S505200,2020-06-21 23:30:00.766,0,0,1,0,0
S505200,2020-06-21 23:36:40.635,1,0,0,0,0
S505200,2020-06-21 23:53:20.767,2,0,1,0,0
S505200,2020-06-22 00:21:40.588,0,0,0,0,0
S505200,2020-06-22 00:23:20.597,0,0,0,0,0
S505200,2020-06-22 00:25:00.711,1,0,0,0,0
S505200,2020-06-22 00:26:40.598,0,0,0,0,0
S505200,2020-06-22 00:28:20.634,0,0,1,1,0
S505200,2020-06-22 00:35:00.562,1,0,0,0,0
S505200,2020-06-22 00:38:20.552,0,0,1,0,0
S505200,2020-06-22 00:41:40.588,0,0,0,0,0
S505200,2020-06-22 00:45:00.697,1,0,0,0,0
S505200,2020-06-22 00:48:20.646,0,0,0,0,0
S505200,2020-06-22 00:55:00.637,0,0,0,0,0
S505200,2020-06-22 01:05:00.578,0,0,0,0,0
S505200,2020-06-22 01:10:00.534,1,0,0,0,0
S505200,2020-06-22 01:16:40.502,1,0,0,0,0
S505200,2020-06-22 01:21:40.607,0,0,0,0,0
S505200,2020-06-22 01:25:00.657,1,0,0,1,0
S505200,2020-06-22 01:28:20.546,0,0,0,0,0
S505200,2020-06-22 01:31:40.516,0,0,0,0,0
S505200,2020-06-22 01:35:00.948,1,0,0,0,0
S505200,2020-06-22 01:46:40.537,1,1,0,0,0
S505200,2020-06-22 01:56:40.6,0,0,0,0,0
S505200,2020-06-22 02:05:00.657,0,0,0,0,0
S505200,2020-06-22 02:08:20.538,0,0,0,2,0
S505200,2020-06-22 02:50:00.648,0,0,0,0,0
S505200,2020-06-22 02:51:40.577,0,0,0,0,0
S505200,2020-06-22 03:01:40.63,0,0,0,0,0
S505200,2020-06-22 03:05:00.748,0,0,0,0,0
S505200,2020-06-22 03:08:20.609,0,0,0,0,0
S505200,2020-06-22 03:10:00.657,0,0,0,0,0
S505200,2020-06-22 03:15:00.569,0,0,0,0,0
S505200,2020-06-22 03:25:00.608,1,0,1,0,0
S505200,2020-06-22 03:31:40.558,0,0,0,0,0
S505200,2020-06-22 03:33:20.637,0,0,0,0,0
S505200,2020-06-22 03:36:40.506,0,0,0,0,0
S505200,2020-06-22 03:49:59.619,1,0,0,0,0
S505200,2020-06-22 03:51:40.619,1,0,0,0,0
S505200,2020-06-22 03:56:40.525,1,0,0,0,0
S505200,2020-06-22 04:05:00.685,0,0,2,0,0
S505200,2020-06-22 04:08:20.577,0,0,0,0,0
S505200,2020-06-22 04:11:40.589,1,0,0,0,0
S505200,2020-06-22 04:15:00.637,0,0,0,0,0
S505200,2020-06-22 04:16:40.678,1,0,0,0,0
S505200,2020-06-22 04:33:20.664,1,0,0,0,0
S505200,2020-06-22 04:43:20.565,1,0,0,0,0
S505200,2020-06-22 04:50:00.596,0,0,0,0,0
S505200,2020-06-22 04:53:20.501,1,0,1,1,0
S505200,2020-06-22 04:55:00.573,0,0,0,0,0
S505200,2020-06-22 04:58:20.524,1,0,1,0,0
S505200,2020-06-22 05:15:00.679,0,0,0,0,0
S505200,2020-06-22 05:21:40.679,3,0,2,0,0
S505200,2020-06-22 05:23:20.571,2,0,0,0,0
S505200,2020-06-22 05:35:00.618,1,2,1,0,0
S505200,2020-06-22 05:41:40.569,2,0,3,1,0
S505200,2020-06-22 05:51:40.583,1,0,2,0,0
S505200,2020-06-22 05:53:20.593,2,0,0,0,0
S505200,2020-06-22 06:06:00.517,1,1,1,1,0
S505200,2020-06-22 06:08:00.657,3,0,3,0,0
S505200,2020-06-22 06:12:00.596,2,2,4,7,0
S505200,2020-06-22 06:40:00.617,6,0,7,2,0
S505200,2020-06-22 06:53:59.616,5,0,9,2,0
S505200,2020-06-22 07:00:00.487,3,1,16,8,0
S505200,2020-06-22 07:07:30.475,4,2,19,3,0
S505200,2020-06-22 07:12:30.587,2,1,17,7,0
S505200,2020-06-22 07:20:00.64,6,6,24,13,0
S505200,2020-06-22 07:22:30.6,11,3,19,5,0
S505200,2020-06-22 07:27:30.604,11,11,16,5,0
S505200,2020-06-22 07:35:00.653,11,4,14,2,0
S505200,2020-06-22 07:37:30.598,7,9,18,9,0
S505200,2020-06-22 07:40:00.622,6,9,45,22,0
S505200,2020-06-22 08:00:00.713,5,0,18,3,0
S505200,2020-06-22 08:12:30.566,6,4,32,7,0
S505200,2020-06-22 08:34:00.544,4,3,39,5,0
S505200,2020-06-22 08:50:00.572,8,0,10,2,0
S505200,2020-06-22 09:26:00.839,6,1,10,4,0
S505200,2020-06-22 09:28:00.781,9,0,13,4,0
S505200,2020-06-22 09:32:00.69,13,3,5,0,0
S505200,2020-06-22 02:06:40.673,1,0,0,0,0
S505200,2020-06-22 02:13:20.61,0,0,0,0,0
S505200,2020-06-22 02:15:00.687,0,0,0,0,0
S505200,2020-06-22 02:18:20.562,0,0,0,0,0
S505200,2020-06-22 02:31:40.578,0,0,0,0,0
S505200,2020-06-22 02:36:40.477,0,0,0,0,0
S505200,2020-06-22 02:40:00.72,0,0,0,0,0
S505200,2020-06-22 02:45:00.576,0,0,0,0,0
S505200,2020-06-22 02:46:40.598,0,0,0,0,0
S505200,2020-06-22 03:46:40.509,1,0,0,0,0
S505200,2020-06-22 03:48:20.579,0,0,0,0,0
S505200,2020-06-22 03:53:20.628,0,0,0,0,0
S505200,2020-06-22 04:00:00.616,1,0,0,0,0
S505200,2020-06-22 04:03:20.637,2,0,0,0,0
S505200,2020-06-22 04:18:20.536,1,0,0,0,0
S505200,2020-06-22 04:21:40.547,0,0,0,0,0
S505200,2020-06-22 04:23:20.625,0,0,0,0,0
S505200,2020-06-22 04:26:40.673,0,0,0,0,0
S505200,2020-06-22 04:30:00.705,0,0,0,0,0
S505200,2020-06-22 04:41:40.605,1,0,0,0,0
S505200,2020-06-22 04:45:00.573,1,0,0,0,0
S505200,2020-06-22 04:46:40.515,2,0,0,0,0
S505200,2020-06-22 05:03:20.564,0,0,1,0,0
S505200,2020-06-22 05:06:40.645,2,0,0,0,0
S505200,2020-06-22 05:13:20.475,1,0,1,0,0
S505200,2020-06-22 05:25:00.699,0,0,1,1,0
S505200,2020-06-22 05:28:20.678,1,0,1,1,0
S505200,2020-06-22 05:31:40.498,1,0,0,0,0
S505200,2020-06-22 05:33:20.538,2,0,1,0,0
S505200,2020-06-22 05:43:20.558,1,0,2,0,0
S505200,2020-06-22 05:50:00.663,2,0,2,0,0
S505200,2020-06-22 05:55:00.712,2,0,2,0,0
S505200,2020-06-22 06:00:00.52,3,0,2,1,0
S505200,2020-06-22 06:04:00.583,2,0,4,1,0
S505200,2020-06-22 06:26:00.564,4,0,6,1,0
S505200,2020-06-22 06:30:00.616,5,2,6,2,0
S505200,2020-06-22 06:32:00.596,2,0,3,1,0
S505200,2020-06-22 06:37:59.587,3,2,7,0,0
S505200,2020-06-22 06:48:00.65,2,0,15,0,0
S505200,2020-06-22 07:02:30.537,1,1,11,4,0
S505200,2020-06-22 07:17:30.537,8,8,24,13,0
S505200,2020-06-22 07:25:00.612,9,10,3,15,0
S505200,2020-06-22 07:50:00.485,8,3,22,3,0
S505200,2020-06-22 07:55:00.723,9,2,10,2,0
S505200,2020-06-22 08:02:30.697,6,3,13,13,0
S505200,2020-06-22 08:05:00.617,14,22,59,14,0
S505200,2020-06-22 08:07:30.665,6,1,25,13,0
S505200,2020-06-22 08:10:00.635,8,3,27,14,0
S505200,2020-06-22 08:17:30.56,16,14,37,1,0
S505200,2020-06-22 08:20:00.688,6,6,47,11,0
S505200,2020-06-22 08:22:30.518,5,12,39,5,0
S505200,2020-06-22 08:40:00.655,10,1,25,1,0
S505200,2020-06-22 08:42:00.558,2,0,15,2,0
S505200,2020-06-22 08:48:00.555,10,2,21,4,0
S505200,2020-06-22 08:54:00.6,10,0,69,5,0
S505200,2020-06-22 08:56:00.724,8,5,8,6,0
S505200,2020-06-22 09:00:00.648,22,3,50,10,0
S505200,2020-06-22 09:02:00.615,4,7,0,10,0
S505200,2020-06-22 09:10:00.537,9,1,56,3,0
S505200,2020-06-22 09:12:00.623,6,3,39,2,0
S505200,2020-06-22 09:34:00.783,13,0,7,2,0
S505200,2020-06-22 09:40:00.713,6,1,7,3,0
S505200,2020-06-22 09:41:59.783,3,1,10,3,0
S505200,2020-06-22 04:28:20.542,0,0,1,0,0
S505200,2020-06-22 04:31:40.596,2,0,0,0,0
S505200,2020-06-22 04:38:20.584,1,0,0,0,0
S505200,2020-06-22 04:40:00.761,0,1,1,0,0
S505200,2020-06-22 04:51:40.674,0,0,1,0,0
S505200,2020-06-22 04:56:40.555,1,0,0,0,0
S505200,2020-06-22 05:00:00.695,1,0,0,1,0
S505200,2020-06-22 05:01:40.573,0,0,0,0,0
S505200,2020-06-22 05:05:00.646,1,1,0,0,0
S505200,2020-06-22 05:16:40.561,1,0,1,0,0
S505200,2020-06-22 05:20:01.008,2,0,5,0,0
S505200,2020-06-22 05:26:40.658,2,0,0,0,0
S505200,2020-06-22 05:40:00.666,1,0,1,0,0
S505200,2020-06-22 05:46:40.603,1,0,2,0,0
S505200,2020-06-22 06:10:00.536,1,1,4,4,0
S505200,2020-06-22 06:14:00.616,0,0,5,0,0
S505200,2020-06-22 06:16:00.584,2,2,4,4,0
S505200,2020-06-22 06:18:00.596,1,1,5,3,0
S505200,2020-06-22 06:20:00.558,1,2,3,2,0
S505200,2020-06-22 06:22:00.547,2,0,3,3,0
S505200,2020-06-22 06:24:00.528,2,1,3,0,0
S505200,2020-06-22 06:34:00.689,3,3,6,4,0
S505200,2020-06-22 06:46:00.684,5,1,7,5,0
S505200,2020-06-22 06:50:00.587,4,0,10,3,0
S505200,2020-06-22 06:52:00.585,2,3,19,1,0
S505200,2020-06-22 06:57:59.529,5,2,8,1,0
S505200,2020-06-22 07:05:00.642,11,6,11,10,0
S505200,2020-06-22 07:42:30.605,9,9,21,2,0
S505200,2020-06-22 07:45:00.697,7,5,9,14,0
S505200,2020-06-22 08:15:00.69,9,15,67,6,0
S505200,2020-06-22 08:25:00.729,8,2,6,10,0
S505200,2020-06-22 08:30:00.546,3,5,56,15,0
S505200,2020-06-22 08:36:00.58,8,1,27,5,0
S505200,2020-06-22 08:38:00.508,10,2,26,4,0
S505200,2020-06-22 08:58:00.567,7,2,45,22,0
S505200,2020-06-22 09:04:00.63,4,3,34,4,0
S505200,2020-06-22 09:06:00.678,7,10,51,12,0
S505200,2020-06-22 09:18:00.603,3,4,3,0,0
S505200,2020-06-22 09:20:00.776,9,0,21,10,0
S505200,2020-06-22 08:52:00.56,27,0,89,8,0
S505200,2020-06-22 09:08:00.484,6,7,65,15,0
S505200,2020-06-22 09:14:00.613,3,0,45,5,0
S505200,2020-06-22 09:16:00.583,6,0,12,4,0
S505200,2020-06-22 09:22:00.752,10,2,8,2,0
S505200,2020-06-22 09:24:00.82,8,2,9,2,0
S505200,2020-06-22 09:30:00.76,6,3,4,5,0
S505200,2020-06-22 09:36:00.599,9,0,3,1,0
S505200,2020-06-22 09:38:00.831,12,3,20,4,0
S505200,2020-06-22 09:44:00.739,14,4,2,5,0
S505200,2020-06-22 09:46:00.683,7,4,8,5,0
S505200,2020-06-22 12:00:02.065,9,1,15,5,0
S505200,2020-06-22 12:02:00.755,8,3,12,5,0
S505200,2020-06-22 12:04:00.937,4,0,3,2,0
S505200,2020-06-22 12:06:00.817,4,0,8,1,0
S505200,2020-06-22 12:08:00.687,6,4,10,5,0
S505200,2020-06-22 12:10:00.737,6,0,18,8,0
S505200,2020-06-22 12:12:00.747,8,5,12,3,0
S505200,2020-06-22 12:14:25.123,3,1,2,1,0
S505200,2020-06-22 12:16:00.667,4,0,6,3,0
S505200,2020-06-22 12:18:00.677,6,0,4,0,0
S505200,2020-06-22 12:20:00.688,7,1,16,5,0
S505200,2020-06-22 12:22:00.668,5,2,55,4,0
S505200,2020-06-22 12:24:00.816,6,2,39,2,0
S505200,2020-06-22 12:26:00.666,6,0,57,4,0
S505200,2020-06-22 12:28:00.554,5,0,27,4,0
S505200,2020-06-22 12:30:00.626,8,1,43,9,0
S505200,2020-06-22 12:32:00.556,4,1,43,2,0
S505200,2020-06-22 12:34:00.586,7,0,34,22,0
S505200,2020-06-22 12:36:00.637,4,0,55,5,0
S505200,2020-06-22 12:38:00.537,5,1,51,12,0
S505200,2020-06-22 12:40:00.596,3,7,44,3,0
S505200,2020-06-22 12:42:00.656,6,0,59,12,0
S505200,2020-06-22 12:44:00.606,8,0,49,6,0
S505200,2020-06-22 12:46:00.667,3,0,74,2,0
S505200,2020-06-22 12:47:59.536,6,0,53,3,0
S505200,2020-06-22 12:50:00.626,5,1,41,3,0
S505200,2020-06-22 12:52:00.569,6,2,14,1,0
S505200,2020-06-22 12:54:00.686,4,2,8,1,0
S505200,2020-06-22 12:56:00.636,5,0,11,0,0
S505200,2020-06-22 12:57:59.556,8,0,2,6,0
S505200,2020-06-22 13:00:00.676,8,1,4,6,0
S505200,2020-06-22 13:02:00.606,5,0,8,1,0
S505200,2020-06-22 13:04:00.709,5,0,8,0,0
S505200,2020-06-22 13:06:00.666,7,1,11,0,0
S505200,2020-06-22 13:08:00.576,1,2,7,2,0
S505200,2020-06-22 13:10:00.529,5,1,14,5,0
S505200,2020-06-22 13:12:00.537,1,2,6,2,0
S505200,2020-06-22 13:14:00.596,9,0,9,5,0
S505200,2020-06-22 13:16:00.636,7,1,6,5,0
S505200,2020-06-22 13:18:00.596,6,0,7,1,0
S505200,2020-06-22 13:20:00.636,8,0,13,2,0
S505200,2020-06-22 13:22:00.556,5,2,6,5,0
S505200,2020-06-22 13:24:00.596,7,7,4,5,0
S505200,2020-06-22 13:26:00.626,9,1,10,4,0
S505200,2020-06-22 13:28:00.586,6,1,12,8,0
S505200,2020-06-22 13:30:00.686,4,0,6,5,0
S505200,2020-06-22 13:32:00.596,9,3,10,3,0
S505200,2020-06-22 13:34:00.529,6,0,21,1,0
S505200,2020-06-22 13:36:00.606,8,1,12,10,0
S505200,2020-06-22 13:38:00.664,6,1,9,12,0
S505200,2020-06-22 13:40:00.626,7,3,6,9,0
S505200,2020-06-22 13:42:00.674,3,1,20,4,0
S505200,2020-06-22 13:44:00.606,9,4,12,3,0
S505200,2020-06-22 13:46:00.626,12,1,7,8,0
S505200,2020-06-22 13:48:00.736,10,2,5,5,0
S505200,2020-06-22 13:50:00.667,8,1,8,4,0
S505200,2020-06-22 13:52:00.547,9,0,3,1,0
S505200,2020-06-22 13:54:00.675,7,0,4,10,0
S505200,2020-06-22 13:56:00.604,8,1,11,2,0
S505200,2020-06-22 13:58:00.597,7,5,13,5,0
S505200,2020-06-22 14:00:00.595,7,1,5,9,0
S505200,2020-06-22 14:02:00.539,4,1,6,7,0
S505200,2020-06-22 14:04:00.58,8,0,8,5,0
S505200,2020-06-22 14:06:00.627,5,1,9,4,0
S505200,2020-06-22 14:07:59.467,12,1,16,6,0
S505200,2020-06-22 14:10:00.626,7,1,7,7,0
S505200,2020-06-22 14:12:00.617,6,1,8,2,0
S505200,2020-06-22 14:14:00.597,6,0,2,1,0
S505200,2020-06-22 14:16:00.587,8,0,4,13,0
S505200,2020-06-22 14:18:00.637,10,4,14,10,0
S505200,2020-06-22 14:20:00.626,8,0,5,3,0
S505200,2020-06-22 14:22:00.627,10,1,10,8,0
S505200,2020-06-22 14:24:00.657,10,0,5,4,0
S505200,2020-06-22 14:26:00.626,2,0,18,2,0
S505200,2020-06-22 14:28:00.662,12,1,9,11,0
S505200,2020-06-22 14:30:00.677,5,2,6,5,0
S505200,2020-06-22 14:32:00.717,4,2,21,16,0
S505200,2020-06-22 14:34:00.667,9,0,11,1,0
S505200,2020-06-22 14:36:00.637,12,1,8,1,0
S505200,2020-06-22 14:38:00.667,6,1,12,14,0
S505200,2020-06-22 14:39:59.597,6,3,11,4,0
S505200,2020-06-22 14:42:00.656,5,0,11,2,0
S505200,2020-06-22 14:44:00.587,12,1,8,4,0
S505200,2020-06-22 14:46:00.627,10,0,12,1,0
S505200,2020-06-22 14:48:00.706,9,1,13,9,0
S505200,2020-06-22 14:50:00.696,4,1,9,2,0
S505200,2020-06-22 14:52:00.689,6,2,13,2,0
S505200,2020-06-22 14:54:00.567,4,2,24,6,0
S505200,2020-06-22 14:56:00.616,4,1,17,15,0
S505200,2020-06-22 14:58:00.472,7,2,9,2,0
S505200,2020-06-22 15:00:00.666,7,1,8,5,0
S505200,2020-06-22 15:02:00.567,6,1,8,5,0
S505200,2020-06-22 15:04:00.584,14,2,7,4,0
S505200,2020-06-22 15:06:00.649,10,1,5,6,0
S505200,2020-06-22 15:08:00.686,8,2,9,1,0
S505200,2020-06-22 15:10:00.626,6,0,7,5,0
S505200,2020-06-22 15:12:00.645,5,1,15,8,0
S505200,2020-06-22 15:14:00.646,5,1,13,6,0
S505200,2020-06-22 15:16:00.626,6,4,13,11,0
S505200,2020-06-22 15:18:00.556,9,2,10,3,0
S505200,2020-06-22 15:20:00.617,6,0,16,15,0
S505200,2020-06-22 15:22:00.704,10,0,22,5,0
S505200,2020-06-22 15:24:00.646,8,0,13,3,0
S505200,2020-06-22 15:26:00.676,10,3,8,7,0
S505200,2020-06-22 15:28:00.616,11,0,11,11,0
S505200,2020-06-22 15:30:00.626,11,0,28,13,0
S505200,2020-06-22 15:32:00.656,7,0,10,7,0
S505200,2020-06-22 15:34:00.652,7,2,8,12,0
S505200,2020-06-22 15:36:00.616,5,2,10,4,0
S505200,2020-06-22 15:38:00.736,7,1,3,5,0
S505200,2020-06-22 15:41:59.699,7,2,15,3,0
S505200,2020-06-22 15:46:00.645,12,1,17,9,0
S505200,2020-06-22 15:54:00.677,8,5,14,10,0
S505200,2020-06-22 16:04:00.686,7,2,11,7,0
S505200,2020-06-22 16:12:00.687,7,3,11,16,0
S505200,2020-06-22 16:20:00.667,2,0,12,12,0
S505200,2020-06-22 16:26:00.57,6,0,16,2,0
S505200,2020-06-22 16:35:00.539,7,1,14,27,0
S505200,2020-06-22 16:47:30.528,5,2,9,9,0
S505200,2020-06-22 16:55:00.608,4,0,4,14,0
S505200,2020-06-22 17:37:30.558,10,9,8,7,0
S505200,2020-06-22 17:40:00.517,10,11,6,15,0
S505200,2020-06-22 17:47:30.509,8,0,10,17,0
S505200,2020-06-22 18:00:00.539,8,4,11,2,0
S505200,2020-06-22 18:05:00.519,8,3,5,9,0
S505200,2020-06-22 18:07:30.619,7,1,6,6,0
S505200,2020-06-22 18:22:30.511,10,1,7,5,0
S505200,2020-06-22 18:25:00.69,8,2,8,7,0
S505200,2020-06-22 19:08:00.717,10,1,6,2,0
S505200,2020-06-22 19:14:00.633,3,0,11,0,0
S505200,2020-06-22 19:52:00.625,5,0,12,1,0
S505200,2020-06-22 19:54:00.642,4,1,2,1,0
S505200,2020-06-22 20:14:00.644,6,0,5,4,0
S505200,2020-06-22 20:20:00.662,4,0,4,2,0
S505200,2020-06-22 20:42:00.513,4,1,5,1,0
S505200,2020-06-22 20:46:00.529,5,0,5,1,0
S505200,2020-06-22 20:54:00.554,6,1,1,2,0
S505200,2020-06-22 21:00:00.545,3,0,1,1,0
S505200,2020-06-22 21:12:00.618,4,0,3,2,0
S505200,2020-06-22 21:16:00.691,2,0,2,0,0
S505200,2020-06-22 21:20:00.663,4,0,1,0,0
S505200,2020-06-22 21:30:00.664,3,0,3,0,0
S505200,2020-06-22 21:38:00.546,4,0,2,0,0
S505200,2020-06-22 21:40:00.624,2,0,3,0,0
S505200,2020-06-22 21:46:00.683,2,0,3,0,0
S505200,2020-06-22 21:50:00.671,1,0,1,0,0
S505200,2020-06-22 22:04:00.799,2,0,0,0,0
S505200,2020-06-22 22:10:00.814,2,0,0,0,0
S505200,2020-06-22 22:22:00.633,3,0,1,1,0
S505200,2020-06-22 22:34:00.818,4,0,1,0,0
S505200,2020-06-22 22:40:00.701,3,0,1,0,0
S505200,2020-06-22 22:42:00.657,1,0,0,0,0
S505200,2020-06-22 22:46:00.483,2,0,0,0,0
S505200,2020-06-22 22:56:00.762,1,0,0,1,0
S505200,2020-06-22 22:58:00.76,4,0,0,1,0
S505200,2020-06-22 23:06:40.475,1,0,0,0,0
S505200,2020-06-22 23:18:20.595,0,0,0,1,0
S505200,2020-06-22 23:20:00.686,2,0,0,0,0
S505200,2020-06-22 23:23:20.483,0,0,0,1,0
S505200,2020-06-22 23:36:40.603,0,0,0,0,0
S505200,2020-06-22 23:56:40.485,1,0,1,0,0
S505200,2020-06-22 23:58:20.552,1,0,0,0,0
S505200,2020-06-23 00:01:40.631,0,0,0,0,0
S505200,2020-06-23 00:03:20.58,1,0,1,0,0
S505200,2020-06-23 00:05:00.797,1,0,1,0,0
S505200,2020-06-23 00:06:40.583,1,0,1,0,0
S505200,2020-06-23 00:08:20.809,0,1,0,0,0
S505200,2020-06-23 00:13:20.58,1,0,0,0,0
S505200,2020-06-23 00:33:20.543,0,0,0,3,0
S505200,2020-06-23 00:36:40.575,0,0,0,0,0
S505200,2020-06-23 00:46:40.744,0,0,1,0,0
S505200,2020-06-23 00:53:20.6,0,0,1,0,0
S505200,2020-06-23 01:00:00.787,1,0,0,0,0
S505200,2020-06-23 01:01:40.645,0,0,0,0,0
S505200,2020-06-23 01:03:20.686,1,0,0,0,0
S505200,2020-06-23 01:05:00.825,0,0,0,0,0
S505200,2020-06-23 01:11:40.592,0,0,0,0,0
S505200,2020-06-23 01:15:00.854,1,0,0,0,0
S505200,2020-06-23 01:16:40.59,0,0,0,0,0
S505200,2020-06-23 01:18:20.635,0,0,0,0,0
S505200,2020-06-23 01:26:40.568,0,0,1,0,0
S505200,2020-06-23 01:45:01.079,0,0,0,0,0
S505200,2020-06-23 01:50:00.894,0,0,1,0,0
S505200,2020-06-23 02:00:00.953,0,0,0,0,0
S505200,2020-06-23 02:18:20.631,0,0,0,0,0
S505200,2020-06-23 02:20:00.681,1,0,1,0,0
S505200,2020-06-23 02:23:20.511,0,0,0,0,0
S505200,2020-06-23 02:25:00.651,0,0,0,0,0
S505200,2020-06-23 02:30:00.624,0,0,0,0,0
S505200,2020-06-23 02:31:40.533,0,0,0,0,0
S505200,2020-06-23 02:36:40.544,0,0,0,0,0
S505200,2020-06-23 02:38:20.579,1,0,0,0,0
S505200,2020-06-23 02:48:20.617,0,0,0,0,0
S505200,2020-06-23 03:00:00.612,1,0,0,0,0
S505200,2020-06-23 03:01:40.563,1,0,0,0,0
S505200,2020-06-23 03:08:20.567,0,0,0,0,0
S505200,2020-06-23 03:15:00.663,0,0,0,0,0
S505200,2020-06-23 03:20:00.54,0,0,0,0,0
S505200,2020-06-23 03:28:20.611,1,0,0,0,0
S505200,2020-06-23 03:30:00.702,0,0,0,0,0
S505200,2020-06-23 03:33:20.503,1,0,0,0,0
S505200,2020-06-23 03:38:20.541,0,0,0,0,0
S505200,2020-06-23 03:41:40.617,0,0,0,0,0
S505200,2020-06-23 03:43:20.631,0,0,0,1,0
S505200,2020-06-23 03:45:00.734,0,0,0,0,0
S505200,2020-06-23 03:46:40.631,0,0,0,0,0
S505200,2020-06-23 04:05:00.624,1,0,0,0,0
S505200,2020-06-23 04:26:39.646,0,1,0,1,0
S505200,2020-06-23 04:43:20.587,1,0,0,0,0
S505200,2020-06-23 04:45:00.675,1,0,0,0,0
S505200,2020-06-23 04:50:00.738,1,0,1,0,0
S505200,2020-06-23 05:08:20.72,2,0,0,0,0
S505200,2020-06-23 05:11:40.714,1,0,0,0,0
S505200,2020-06-23 05:13:20.67,1,0,0,0,0
S505200,2020-06-23 05:15:00.73,1,0,1,0,0
S505200,2020-06-23 05:16:40.678,2,0,0,0,0
S505200,2020-06-23 05:18:20.519,0,0,1,0,0
S505200,2020-06-23 05:23:19.59,3,0,2,0,0
S505200,2020-06-23 05:33:20.544,1,0,2,0,0
S505200,2020-06-23 05:43:20.596,1,0,0,2,0
S505200,2020-06-23 05:50:00.688,1,0,2,0,0
S505200,2020-06-23 06:14:00.544,2,0,4,1,0
S505200,2020-06-23 06:30:00.636,3,4,4,3,0
S505200,2020-06-23 06:38:00.726,4,3,8,1,0
S505200,2020-06-23 06:40:00.57,3,2,6,3,0
S505200,2020-06-23 06:46:00.586,3,0,10,7,0
S505200,2020-06-23 06:50:00.764,9,0,9,1,0
S505200,2020-06-23 06:54:00.685,4,10,18,1,0
S505200,2020-06-23 06:58:00.702,6,2,11,2,0
S505200,2020-06-23 07:05:00.601,8,3,14,5,0
S505200,2020-06-23 07:22:30.476,9,5,9,4,0
S505200,2020-06-23 07:25:00.636,10,7,13,13,0
S505200,2020-06-22 15:40:00.586,4,0,8,9,0
S505200,2020-06-22 15:50:00.677,6,0,21,14,0
S505200,2020-06-22 15:52:00.697,10,3,10,13,0
S505200,2020-06-22 15:58:00.627,36,1,31,14,0
S505200,2020-06-22 16:00:00.616,5,1,11,6,0
S505200,2020-06-22 16:10:00.667,5,15,11,7,0
S505200,2020-06-22 16:18:00.537,4,0,17,6,0
S505200,2020-06-22 16:22:00.537,6,3,14,4,0
S505200,2020-06-22 16:28:00.748,6,3,11,9,0
S505200,2020-06-22 16:30:00.661,4,2,14,11,0
S505200,2020-06-22 16:37:30.532,9,6,21,9,0
S505200,2020-06-22 16:40:00.618,4,1,22,16,0
S505200,2020-06-22 17:12:30.604,8,4,18,18,0
S505200,2020-06-22 17:17:30.607,6,4,24,19,0
S505200,2020-06-22 17:22:30.598,7,13,12,14,0
S505200,2020-06-22 17:27:30.618,7,3,27,6,0
S505200,2020-06-22 17:32:30.598,5,8,19,15,0
S505200,2020-06-22 17:50:00.619,11,2,6,16,0
S505200,2020-06-22 17:55:00.689,9,10,12,9,0
S505200,2020-06-22 18:12:30.579,5,0,10,8,0
S505200,2020-06-22 18:15:00.541,6,4,9,2,0
S505200,2020-06-22 18:17:30.605,6,2,6,4,0
S505200,2020-06-22 18:32:00.605,7,5,5,3,0
S505200,2020-06-22 18:36:00.571,11,1,6,2,0
S505200,2020-06-22 18:44:00.563,5,2,5,2,0
S505200,2020-06-22 18:50:00.522,8,2,4,1,0
S505200,2020-06-22 18:56:00.65,8,0,3,0,0
S505200,2020-06-22 18:58:00.657,6,2,5,3,0
S505200,2020-06-22 19:02:00.659,5,1,4,2,0
S505200,2020-06-22 19:06:00.644,3,2,8,0,0
S505200,2020-06-22 19:10:00.548,4,1,9,1,0
S505200,2020-06-22 19:18:00.692,5,0,5,1,0
S505200,2020-06-22 19:22:00.624,2,1,9,0,0
S505200,2020-06-22 19:24:00.638,4,1,2,1,0
S505200,2020-06-22 20:00:00.64,4,0,3,3,0
S505200,2020-06-22 20:16:00.624,8,1,6,2,0
S505200,2020-06-22 20:24:00.523,7,1,8,2,0
S505200,2020-06-22 20:26:00.643,4,0,6,6,0
S505200,2020-06-22 20:32:00.693,4,0,4,1,0
S505200,2020-06-22 20:44:00.544,1,0,3,1,0
S505200,2020-06-22 20:48:00.474,2,1,0,4,0
S505200,2020-06-22 21:02:00.632,4,0,8,1,0
S505200,2020-06-22 21:10:00.622,3,0,2,2,0
S505200,2020-06-22 21:42:00.686,1,0,1,2,0
S505200,2020-06-22 21:44:00.599,1,0,4,1,0
S505200,2020-06-22 21:48:00.642,3,0,1,1,0
S505200,2020-06-22 21:52:00.606,3,0,0,2,0
S505200,2020-06-22 21:54:00.554,2,0,1,0,0
S505200,2020-06-22 21:58:00.625,5,0,1,0,0
S505200,2020-06-22 22:08:00.587,1,1,2,0,0
S505200,2020-06-22 22:16:00.623,2,0,0,0,0
S505200,2020-06-22 22:20:00.605,1,0,0,1,0
S505200,2020-06-22 22:24:00.635,2,0,0,0,0
S505200,2020-06-22 22:26:00.662,5,0,0,0,0
S505200,2020-06-22 22:28:00.623,4,0,0,0,0
S505200,2020-06-22 22:32:00.752,4,0,0,0,0
S505200,2020-06-22 22:38:00.708,0,0,0,0,0
S505200,2020-06-22 22:48:00.621,1,0,1,1,0
S505200,2020-06-22 23:00:00.673,1,0,0,0,0
S505200,2020-06-22 23:03:20.498,1,0,1,0,0
S505200,2020-06-22 23:15:00.609,2,0,1,0,0
S505200,2020-06-22 23:30:00.634,0,0,0,0,0
S505200,2020-06-22 23:35:00.648,0,0,2,0,0
S505200,2020-06-22 23:38:20.564,1,0,0,1,0
S505200,2020-06-22 23:40:00.704,1,0,1,1,0
S505200,2020-06-22 23:41:40.588,0,0,1,0,0
S505200,2020-06-22 23:46:40.521,0,0,0,0,0
S505200,2020-06-22 23:48:20.59,1,0,1,0,0
S505200,2020-06-22 23:50:00.745,0,0,0,0,0
S505200,2020-06-22 23:53:20.645,1,0,1,0,0
S505200,2020-06-23 00:18:20.644,2,0,0,0,0
S505200,2020-06-23 00:30:00.788,0,0,0,0,0
S505200,2020-06-23 00:45:00.777,0,0,0,0,0
S505200,2020-06-23 00:48:20.678,1,0,0,0,0
S505200,2020-06-23 01:06:40.674,0,0,0,0,0
S505200,2020-06-23 01:10:00.88,1,0,0,0,0
S505200,2020-06-23 01:13:20.561,0,0,0,0,0
S505200,2020-06-23 01:20:00.846,0,0,0,0,0
S505200,2020-06-23 01:21:40.656,0,0,0,0,0
S505200,2020-06-23 01:31:40.63,0,1,0,1,0
S505200,2020-06-23 01:36:40.56,0,0,0,0,0
S505200,2020-06-23 01:43:19.63,0,0,1,0,0
S505200,2020-06-23 01:53:20.554,1,0,0,0,0
S505200,2020-06-23 01:55:00.514,0,0,0,0,0
S505200,2020-06-23 01:56:40.514,0,0,0,0,0
S505200,2020-06-23 01:58:20.554,0,0,0,0,0
S505200,2020-06-23 02:01:40.624,1,0,0,1,0
S505200,2020-06-23 02:03:20.452,0,0,0,0,0
S505200,2020-06-23 02:05:00.821,0,0,0,0,0
S505200,2020-06-23 02:11:40.581,0,0,0,0,0
S505200,2020-06-23 02:21:40.641,1,0,0,0,0
S505200,2020-06-23 02:28:20.551,0,0,0,0,0
S505200,2020-06-23 02:33:20.55,0,0,0,0,0
S505200,2020-06-23 02:46:40.604,1,0,0,0,0
S505200,2020-06-23 03:03:20.722,0,0,0,0,0
S505200,2020-06-23 03:05:00.739,0,0,0,0,0
S505200,2020-06-23 03:06:40.542,0,0,0,0,0
S505200,2020-06-23 03:18:20.634,1,0,0,0,0
S505200,2020-06-23 03:21:40.646,0,0,1,0,0
S505200,2020-06-23 03:51:40.599,2,0,0,0,0
S505200,2020-06-23 04:00:00.691,0,0,0,0,0
S505200,2020-06-23 04:01:40.54,0,0,1,0,0
S505200,2020-06-23 04:21:40.699,2,0,0,0,0
S505200,2020-06-23 04:23:20.549,0,0,0,0,0
S505200,2020-06-23 04:33:20.62,2,0,2,0,0
S505200,2020-06-23 04:58:20.59,2,0,0,0,0
S505200,2020-06-23 05:01:40.588,2,0,0,0,0
S505200,2020-06-23 05:05:00.619,1,0,0,0,0
S505200,2020-06-23 05:06:40.556,2,0,0,0,0
S505200,2020-06-23 05:20:00.603,1,0,1,0,0
S505200,2020-06-23 05:21:40.708,1,0,1,0,0
S505200,2020-06-23 05:25:00.665,2,0,1,1,0
S505200,2020-06-23 05:28:20.58,2,2,1,0,0
S505200,2020-06-23 05:30:00.642,2,0,1,0,0
S505200,2020-06-23 05:41:40.606,3,0,2,0,0
S505200,2020-06-23 05:48:20.586,1,0,4,0,0
S505200,2020-06-23 05:58:20.616,2,0,1,2,0
S505200,2020-06-23 06:00:00.581,0,0,1,1,0
S505200,2020-06-23 06:02:00.766,2,0,1,1,0
S505200,2020-06-23 06:06:00.6,2,0,5,0,0
S505200,2020-06-23 06:08:00.578,0,0,3,1,0
S505200,2020-06-23 06:16:00.582,2,0,5,10,0
S505200,2020-06-22 15:44:01.144,4,0,19,11,0
S505200,2020-06-22 15:48:00.706,8,2,19,11,0
S505200,2020-06-22 16:16:00.797,6,4,41,9,0
S505200,2020-06-22 16:32:30.568,4,5,16,18,0
S505200,2020-06-22 16:45:00.615,9,3,18,15,0
S505200,2020-06-22 16:50:00.627,4,6,16,5,0
S505200,2020-06-22 17:00:00.699,6,1,11,11,0
S505200,2020-06-22 17:05:00.577,9,3,6,7,0
S505200,2020-06-22 17:25:00.548,10,1,22,9,0
S505200,2020-06-22 17:30:00.568,9,14,6,18,0
S505200,2020-06-22 17:35:00.669,9,4,5,11,0
S505200,2020-06-22 17:42:30.559,11,4,11,15,0
S505200,2020-06-22 17:45:00.539,9,0,11,15,0
S505200,2020-06-22 17:52:30.449,8,3,35,12,0
S505200,2020-06-22 18:27:30.565,9,1,8,3,0
S505200,2020-06-22 18:40:00.43,9,1,13,2,0
S505200,2020-06-22 18:42:00.503,5,1,3,10,0
S505200,2020-06-22 18:46:00.638,11,0,2,2,0
S505200,2020-06-22 18:48:00.608,3,2,12,4,0
S505200,2020-06-22 19:00:00.589,6,2,6,2,0
S505200,2020-06-22 19:04:00.647,4,2,2,2,0
S505200,2020-06-22 19:26:00.61,4,0,6,3,0
S505200,2020-06-22 19:38:00.548,4,1,4,3,0
S505200,2020-06-22 19:44:00.54,4,1,1,0,0
S505200,2020-06-22 19:46:00.63,7,0,2,2,0
S505200,2020-06-22 19:48:00.719,1,0,5,1,0
S505200,2020-06-22 20:07:59.891,3,3,3,0,0
S505200,2020-06-22 20:18:00.634,3,1,5,0,0
S505200,2020-06-22 20:21:59.806,5,0,8,1,0
S505200,2020-06-22 20:28:00.665,4,1,5,2,0
S505200,2020-06-22 20:30:00.543,6,0,11,0,0
S505200,2020-06-22 20:36:00.633,5,1,9,0,0
S505200,2020-06-22 20:38:00.588,2,0,3,0,0
S505200,2020-06-22 20:50:00.602,3,0,5,0,0
S505200,2020-06-22 20:52:00.547,4,0,4,1,0
S505200,2020-06-22 21:06:00.668,2,0,2,1,0
S505200,2020-06-22 21:08:00.613,1,0,0,0,0
S505200,2020-06-22 21:22:00.606,2,0,3,2,0
S505200,2020-06-22 21:28:00.675,4,0,0,1,0
S505200,2020-06-22 21:32:00.636,3,1,0,0,0
S505200,2020-06-22 21:36:00.561,4,0,1,0,0
S505200,2020-06-22 22:18:00.614,4,1,0,1,0
S505200,2020-06-22 22:30:00.632,2,0,1,0,0
S505200,2020-06-22 22:36:00.717,1,0,0,0,0
S505200,2020-06-22 22:44:00.682,3,0,0,1,0
S505200,2020-06-22 22:50:00.601,0,0,0,0,0
S505200,2020-06-22 22:52:00.591,4,0,0,0,0
S505200,2020-06-22 22:54:00.661,2,0,0,0,0
S505200,2020-06-22 23:01:40.623,0,0,0,0,0
S505200,2020-06-22 23:05:00.644,3,0,1,0,0
S505200,2020-06-22 23:08:20.611,1,0,0,0,0
S505200,2020-06-22 23:11:40.541,1,0,0,0,0
S505200,2020-06-22 23:13:20.622,2,0,0,1,0
S505200,2020-06-22 23:16:40.584,1,0,0,0,0
S505200,2020-06-22 23:21:40.581,2,0,0,0,0
S505200,2020-06-22 23:25:00.573,2,0,0,0,0
S505200,2020-06-22 23:26:40.544,0,0,0,0,0
S505200,2020-06-22 23:28:20.553,1,0,1,0,0
S505200,2020-06-22 23:51:39.561,0,0,0,0,0
S505200,2020-06-22 23:55:00.675,0,0,0,0,0
S505200,2020-06-23 00:00:00.778,0,0,0,0,0
S505200,2020-06-23 00:09:59.599,1,0,1,0,0
S505200,2020-06-23 00:11:40.831,1,0,0,0,0
S505200,2020-06-23 00:16:40.52,1,0,0,0,0
S505200,2020-06-23 00:26:40.617,1,0,0,0,0
S505200,2020-06-23 00:38:20.516,0,0,0,0,0
S505200,2020-06-23 00:50:00.809,0,0,0,0,0
S505200,2020-06-23 00:51:40.618,0,0,0,0,0
S505200,2020-06-23 00:55:00.816,0,0,0,0,0
S505200,2020-06-23 01:08:20.809,0,0,1,1,0
S505200,2020-06-23 01:23:20.645,2,0,1,0,0
S505200,2020-06-23 01:25:00.875,0,0,0,0,0
S505200,2020-06-23 02:06:40.541,1,0,1,0,0
S505200,2020-06-23 02:08:20.561,0,0,1,0,0
S505200,2020-06-23 02:13:20.611,0,0,0,0,0
S505200,2020-06-23 02:26:40.601,0,0,0,0,0
S505200,2020-06-23 02:35:00.611,0,0,0,0,0
S505200,2020-06-23 02:51:40.703,0,0,1,0,0
S505200,2020-06-23 02:53:20.541,0,0,0,0,0
S505200,2020-06-23 02:55:00.621,0,0,0,0,0
S505200,2020-06-23 02:58:20.695,0,0,0,0,0
S505200,2020-06-23 03:23:20.524,0,0,0,0,0
S505200,2020-06-23 03:25:00.688,1,0,0,0,0
S505200,2020-06-23 03:26:40.556,0,0,0,0,0
S505200,2020-06-23 03:35:00.769,1,0,0,1,0
S505200,2020-06-23 03:36:40.512,0,0,0,0,0
S505200,2020-06-23 03:40:00.693,1,0,1,0,0
S505200,2020-06-23 03:58:20.584,1,0,0,0,0
S505200,2020-06-23 04:03:20.749,1,0,0,0,0
S505200,2020-06-23 04:08:20.58,0,0,0,0,0
S505200,2020-06-23 04:13:20.532,1,0,0,0,0
S505200,2020-06-23 04:16:39.49,1,0,0,0,0
S505200,2020-06-23 04:18:20.58,1,0,1,0,0
S505200,2020-06-23 04:31:40.589,2,0,1,0,0
S505200,2020-06-23 04:35:00.668,1,0,0,0,0
S505200,2020-06-23 04:54:59.607,1,0,0,0,0
S505200,2020-06-23 04:56:40.702,1,0,0,0,0
S505200,2020-06-23 05:00:00.67,2,0,0,2,0
S505200,2020-06-23 05:10:00.778,1,0,0,0,0
S505200,2020-06-23 05:40:00.71,2,1,0,0,0
S505200,2020-06-23 05:53:20.64,3,0,3,0,0
S505200,2020-06-23 05:54:59.551,1,0,2,0,0
S505200,2020-06-23 05:56:40.593,3,0,1,0,0
S505200,2020-06-23 06:22:00.73,4,3,5,2,0
S505200,2020-06-23 06:26:00.577,2,1,4,10,0
S505200,2020-06-23 06:48:00.593,1,3,19,3,0
S505200,2020-06-23 07:00:00.605,4,1,11,12,0
S505200,2020-06-23 07:17:30.555,9,1,10,2,0
S505200,2020-06-23 07:27:30.597,10,8,19,6,0
S505200,2020-06-23 07:30:00.565,36,2,16,12,0
S505200,2020-06-23 07:40:00.583,18,4,22,9,0
S505200,2020-06-23 07:42:30.486,14,2,24,6,0
S505200,2020-06-23 07:57:30.667,13,3,14,5,0
S505200,2020-06-23 08:00:00.606,10,0,9,7,0
S505200,2020-06-23 08:15:00.656,8,5,5,6,0
S505200,2020-06-23 08:22:30.488,7,6,13,4,0
S505200,2020-06-23 08:34:00.605,7,1,12,2,0
S505200,2020-06-23 08:38:00.505,6,1,1,1,0
S505200,2020-06-23 08:40:00.493,10,0,13,2,0
S505200,2020-06-23 09:14:00.551,6,1,8,1,0
S505200,2020-06-23 09:16:00.573,10,2,17,0,0
S505200,2020-06-23 09:38:00.603,12,3,18,3,0
S505200,2020-06-22 15:56:00.725,10,5,14,18,0
S505200,2020-06-22 16:02:00.725,4,1,12,10,0
S505200,2020-06-22 16:06:00.666,5,3,17,15,0
S505200,2020-06-22 16:08:00.7,12,1,13,9,0
S505200,2020-06-22 16:14:00.668,3,14,23,15,0
S505200,2020-06-22 16:24:00.597,7,0,16,13,0
S505200,2020-06-22 16:42:30.597,7,1,14,9,0
S505200,2020-06-22 16:52:30.48,3,1,9,21,0
S505200,2020-06-22 16:57:30.489,7,4,12,12,0
S505200,2020-06-22 17:02:30.601,5,3,14,2,0
S505200,2020-06-22 17:07:30.639,8,12,19,17,0
S505200,2020-06-22 17:10:00.627,6,6,15,21,0
S505200,2020-06-22 17:15:00.858,7,2,22,5,0
S505200,2020-06-22 17:20:00.578,10,6,11,14,0
S505200,2020-06-22 17:57:30.519,9,3,25,6,0
S505200,2020-06-22 18:02:30.519,8,2,8,7,0
S505200,2020-06-22 18:10:00.539,7,1,6,9,0
S505200,2020-06-22 18:20:00.593,10,3,5,10,0
S505200,2020-06-22 18:30:23.75,4,0,3,1,0
S505200,2020-06-22 18:34:00.556,9,2,6,6,0
S505200,2020-06-22 18:38:00.6,9,0,5,4,0
S505200,2020-06-22 18:52:00.61,5,1,2,3,0
S505200,2020-06-22 18:54:00.57,5,4,3,7,0
S505200,2020-06-22 19:12:00.569,3,0,4,8,0
S505200,2020-06-22 19:16:00.539,10,1,8,1,0
S505200,2020-06-22 19:20:00.625,8,0,9,0,0
S505200,2020-06-22 19:28:00.62,4,1,2,3,0
S505200,2020-06-22 19:30:00.637,9,0,5,2,0
S505200,2020-06-22 19:32:00.669,4,0,4,2,0
S505200,2020-06-22 19:34:00.658,4,1,6,1,0
S505200,2020-06-22 19:36:00.53,2,0,3,7,0
S505200,2020-06-22 19:40:00.668,8,1,3,1,0
S505200,2020-06-22 19:42:00.548,7,0,6,1,0
S505200,2020-06-22 19:50:00.662,4,1,1,0,0
S505200,2020-06-22 19:56:00.564,5,0,6,3,0
S505200,2020-06-22 19:58:00.62,4,0,3,1,0
S505200,2020-06-22 20:02:00.663,3,0,3,4,0
S505200,2020-06-22 20:04:00.672,2,1,4,2,0
S505200,2020-06-22 20:06:00.723,2,1,6,1,0
S505200,2020-06-22 20:10:00.613,5,0,5,1,0
S505200,2020-06-22 20:12:00.553,7,0,5,1,0
S505200,2020-06-22 20:34:00.663,3,0,8,1,0
S505200,2020-06-22 20:40:00.507,3,2,8,4,0
S505200,2020-06-22 20:56:00.553,4,3,0,1,0
S505200,2020-06-22 20:58:00.56,2,0,2,1,0
S505200,2020-06-22 21:04:00.545,2,1,2,1,0
S505200,2020-06-22 21:14:00.601,2,0,2,0,0
S505200,2020-06-22 21:18:00.679,2,0,1,1,0
S505200,2020-06-22 21:24:00.663,4,2,4,2,0
S505200,2020-06-22 21:26:00.543,5,0,4,0,0
S505200,2020-06-22 21:34:00.745,3,0,1,0,0
S505200,2020-06-22 21:56:00.723,2,0,0,1,0
S505200,2020-06-22 22:00:00.686,3,0,0,0,0
S505200,2020-06-22 22:02:00.649,3,0,0,0,0
S505200,2020-06-22 22:06:00.564,3,0,1,0,0
S505200,2020-06-22 22:12:00.643,2,0,0,0,0
S505200,2020-06-22 22:14:00.623,5,0,1,0,0
S505200,2020-06-22 23:10:00.694,3,0,0,0,0
S505200,2020-06-22 23:31:40.604,0,0,0,0,0
S505200,2020-06-22 23:33:20.516,1,0,0,0,0
S505200,2020-06-22 23:43:20.533,1,0,2,0,0
S505200,2020-06-22 23:45:00.717,1,0,0,1,0
S505200,2020-06-23 00:15:00.863,0,0,2,0,0
S505200,2020-06-23 00:20:00.84,0,0,0,0,0
S505200,2020-06-23 00:21:40.636,0,0,0,0,0
S505200,2020-06-23 00:23:20.662,0,0,1,0,0
S505200,2020-06-23 00:25:00.748,0,0,1,0,0
S505200,2020-06-23 00:28:20.523,0,0,0,0,0
S505200,2020-06-23 00:31:40.543,0,0,0,0,0
S505200,2020-06-23 00:35:00.797,0,0,0,0,0
S505200,2020-06-23 00:40:00.792,2,0,0,0,0
S505200,2020-06-23 00:41:40.817,0,0,0,0,0
S505200,2020-06-23 00:43:20.494,1,0,0,0,0
S505200,2020-06-23 00:56:40.797,1,0,0,0,0
S505200,2020-06-23 00:58:20.574,0,0,0,0,0
S505200,2020-06-23 01:28:20.61,0,0,0,0,0
S505200,2020-06-23 01:30:00.995,0,0,0,0,0
S505200,2020-06-23 01:33:20.605,0,0,1,0,0
S505200,2020-06-23 01:34:59.613,0,0,0,0,0
S505200,2020-06-23 01:38:20.729,1,0,0,0,0
S505200,2020-06-23 01:40:00.911,0,0,0,0,0
S505200,2020-06-23 01:41:40.553,0,0,0,0,0
S505200,2020-06-23 01:46:40.585,0,0,0,0,0
S505200,2020-06-23 01:48:20.644,0,0,0,0,0
S505200,2020-06-23 01:51:39.642,0,0,0,0,0
S505200,2020-06-23 02:10:00.817,0,0,0,0,0
S505200,2020-06-23 02:15:00.551,0,0,0,0,0
S505200,2020-06-23 02:16:40.491,0,0,0,0,0
S505200,2020-06-23 02:40:00.614,1,0,0,0,0
S505200,2020-06-23 02:41:40.613,0,0,0,0,0
S505200,2020-06-23 02:43:20.616,0,0,0,0,0
S505200,2020-06-23 02:45:00.674,0,0,0,0,0
S505200,2020-06-23 02:50:00.631,0,0,0,0,0
S505200,2020-06-23 02:56:40.673,0,0,0,0,0
S505200,2020-06-23 03:10:00.784,0,0,0,0,0
S505200,2020-06-23 03:11:40.56,0,0,0,0,0
S505200,2020-06-23 03:13:20.573,1,0,0,0,0
S505200,2020-06-23 03:16:40.617,0,0,1,0,0
S505200,2020-06-23 03:31:40.515,0,0,0,0,0
S505200,2020-06-23 03:48:20.617,1,0,0,0,0
S505200,2020-06-23 03:50:00.691,0,0,0,1,0
S505200,2020-06-23 03:53:20.613,0,0,0,0,0
S505200,2020-06-23 03:55:00.705,0,0,0,0,0
S505200,2020-06-23 03:56:40.694,0,0,0,0,0
S505200,2020-06-23 04:06:40.548,1,0,0,1,0
S505200,2020-06-23 04:10:00.585,0,0,0,0,0
S505200,2020-06-23 04:11:40.6,1,0,0,0,0
S505200,2020-06-23 04:15:00.735,1,0,1,0,0
S505200,2020-06-23 04:20:00.672,1,0,0,0,0
S505200,2020-06-23 04:25:00.609,1,0,0,0,0
S505200,2020-06-23 04:28:20.542,1,2,0,0,0
S505200,2020-06-23 04:30:00.706,0,0,0,0,0
S505200,2020-06-23 04:36:40.626,1,0,0,0,0
S505200,2020-06-23 04:38:20.532,0,0,0,0,0
S505200,2020-06-23 04:40:00.658,0,0,0,0,0
S505200,2020-06-23 04:41:40.568,0,0,0,0,0
S505200,2020-06-23 04:46:40.676,0,0,0,1,0
S505200,2020-06-23 04:48:20.592,0,0,0,0,0
S505200,2020-06-23 04:51:40.478,2,0,0,0,0
S505200,2020-06-23 04:53:20.669,2,0,0,0,0
S505200,2020-06-23 05:03:20.586,1,0,0,0,0
S505200,2020-06-23 05:26:40.585,0,0,1,0,0
S505200,2020-06-23 05:31:40.644,1,0,1,0,0
S505200,2020-06-23 05:35:00.58,1,0,1,0,0
S505200,2020-06-23 05:36:40.528,2,0,0,0,0
S505200,2020-06-23 05:38:20.659,2,1,1,0,0
S505200,2020-06-23 05:45:00.575,1,0,2,2,0
S505200,2020-06-23 05:46:40.554,3,0,0,0,0
S505200,2020-06-23 05:51:40.594,2,0,2,1,0
S505200,2020-06-23 06:04:00.55,1,4,2,1,0
S505200,2020-06-23 06:10:00.528,7,0,2,1,0
S505200,2020-06-23 06:12:00.57,2,2,9,1,0
S505200,2020-06-23 06:20:00.527,1,0,7,0,0
S505200,2020-06-23 06:32:00.754,2,0,4,4,0
S505200,2020-06-23 06:34:00.562,2,0,4,1,0
S505200,2020-06-23 06:52:00.681,1,3,11,2,0
S505200,2020-06-23 06:56:00.607,3,0,9,6,0
S505200,2020-06-23 07:07:30.567,8,4,31,2,0
S505200,2020-06-23 07:12:30.562,8,4,16,22,0
S505200,2020-06-23 07:15:00.557,13,3,9,12,0
S505200,2020-06-23 07:35:00.629,15,4,25,4,0
S505200,2020-06-23 07:37:30.525,11,5,20,19,0
S505200,2020-06-23 07:47:30.444,9,8,15,9,0
S505200,2020-06-23 07:52:30.532,14,0,24,14,0
S505200,2020-06-23 08:07:30.488,7,7,15,4,0
S505200,2020-06-23 08:12:30.537,6,4,8,2,0
S505200,2020-06-23 08:36:00.435,11,1,16,3,0
S505200,2020-06-23 08:42:00.525,4,2,7,3,0
S505200,2020-06-23 08:46:00.535,7,1,10,2,0
S505200,2020-06-23 08:50:00.475,6,0,5,6,0
S505200,2020-06-23 08:53:59.535,5,3,11,3,0
S505200,2020-06-23 09:00:00.615,4,0,7,1,0
S505200,2020-06-23 09:10:00.635,5,1,10,1,0
S505200,2020-06-23 09:18:00.546,10,8,13,15,0
S505200,2020-06-23 09:22:00.615,8,2,15,4,0
S505200,2020-06-23 09:26:00.635,5,1,8,2,0
S505200,2020-06-23 09:28:00.646,9,1,11,1,0
S505200,2020-06-23 09:30:00.637,9,4,2,3,0
S505200,2020-06-23 09:42:00.508,12,4,12,4,0
S505200,2020-06-23 09:48:00.566,11,10,14,2,0
S505200,2020-06-23 09:58:00.589,8,1,3,1,0
S505200,2020-06-23 10:02:00.639,8,2,4,2,0
S505200,2020-06-23 10:06:00.611,6,1,10,2,0
S505200,2020-06-23 10:10:00.578,14,0,13,0,0
S505200,2020-06-23 10:12:00.568,13,2,6,4,0
S505200,2020-06-23 10:16:00.617,7,3,7,4,0
S505200,2020-06-23 10:20:00.569,4,4,10,5,0
S505200,2020-06-23 10:32:00.699,6,1,3,2,0
S505200,2020-06-23 10:50:00.579,10,7,14,2,0
S505200,2020-06-23 11:10:00.559,10,0,12,8,0
S505200,2020-06-23 11:16:00.599,8,0,9,3,0
S505200,2020-06-23 11:18:00.559,8,0,13,2,0
S505200,2020-06-23 11:20:00.569,5,2,7,9,0
S505200,2020-06-23 11:26:00.539,6,2,14,7,0
S505200,2020-06-23 11:32:00.679,4,2,18,4,0
S505200,2020-06-23 11:34:00.577,5,0,8,1,0
S505200,2020-06-23 11:46:00.609,3,1,3,3,0
S505200,2020-06-23 11:56:00.608,3,0,7,5,0
S505200,2020-06-23 12:04:00.508,7,0,7,3,0
S505200,2020-06-23 12:10:00.608,6,0,10,3,0
S505200,2020-06-23 12:24:00.495,6,1,6,0,0
S505200,2020-06-23 12:26:00.469,7,1,7,1,0
S505200,2020-06-23 12:28:00.603,4,0,10,2,0
S505200,2020-06-23 12:32:00.655,6,10,8,3,0
S505200,2020-06-23 12:34:00.654,8,0,7,3,0
S505200,2020-06-23 12:36:00.644,2,0,7,1,0
S505200,2020-06-23 12:42:00.702,4,0,14,1,0
S505200,2020-06-23 12:48:00.627,5,4,9,3,0
S505200,2020-06-23 12:50:00.565,4,0,13,1,0
S505200,2020-06-23 13:00:00.691,3,3,11,3,0
S505200,2020-06-23 13:02:00.684,5,1,18,4,0
S505200,2020-06-23 13:12:00.553,3,2,8,4,0
S505200,2020-06-23 13:14:00.696,4,2,10,5,0
S505200,2020-06-23 13:20:00.593,8,0,4,4,0
S505200,2020-06-23 13:24:00.704,5,2,10,2,0
S505200,2020-06-23 13:26:00.643,9,0,9,3,0
S505200,2020-06-23 13:32:00.588,4,1,10,1,0
S505200,2020-06-23 13:42:00.717,11,2,4,5,0
S505200,2020-06-23 13:56:00.614,2,0,4,2,0
S505200,2020-06-23 14:00:00.704,6,0,17,2,0
S505200,2020-06-23 14:02:00.522,5,3,12,4,0
S505200,2020-06-23 14:16:00.586,6,4,10,4,0
S505200,2020-06-23 14:18:00.604,10,4,10,9,0
S505200,2020-06-23 14:24:00.644,6,1,9,5,0
S505200,2020-06-23 14:36:00.658,5,3,18,3,0
S505200,2020-06-23 14:42:00.705,5,0,10,3,0
S505200,2020-06-23 14:46:00.633,6,0,19,5,0
S505200,2020-06-23 14:56:00.595,7,1,5,2,0
S505200,2020-06-23 15:16:00.566,5,0,10,4,0
S505200,2020-06-23 15:20:00.636,6,1,15,10,0
S505200,2020-06-23 15:22:00.686,7,0,10,7,0
S505200,2020-06-23 15:24:00.606,5,1,10,4,0
S505200,2020-06-23 15:26:00.564,4,4,11,6,0
S505200,2020-06-23 15:32:00.658,6,0,6,1,0
S505200,2020-06-23 15:44:00.676,8,2,9,2,0
S505200,2020-06-23 15:48:00.567,5,1,12,10,0
S505200,2020-06-23 15:52:00.684,8,4,7,8,0
S505200,2020-06-23 16:08:00.615,3,0,12,8,0
S505200,2020-06-23 16:20:00.663,9,0,12,10,0
S505200,2020-06-23 17:10:00.587,8,9,28,20,0
S505200,2020-06-23 17:17:30.589,8,6,13,15,0
S505200,2020-06-23 17:27:30.594,6,4,8,9,0
S505200,2020-06-23 17:35:00.556,8,7,18,1,0
S505200,2020-06-23 17:45:00.547,7,0,14,14,0
S505200,2020-06-23 06:18:00.689,3,1,4,2,0
S505200,2020-06-23 06:24:00.558,5,1,0,0,0
S505200,2020-06-23 06:28:00.606,4,0,4,1,0
S505200,2020-06-23 06:36:00.582,4,0,13,8,0
S505200,2020-06-23 06:42:00.563,4,5,3,2,0
S505200,2020-06-23 06:44:00.503,5,0,22,7,0
S505200,2020-06-23 07:02:30.499,5,1,11,5,0
S505200,2020-06-23 07:10:00.537,5,1,11,1,0
S505200,2020-06-23 07:20:00.696,6,16,19,4,0
S505200,2020-06-23 07:50:00.59,11,3,20,4,0
S505200,2020-06-23 07:55:00.596,18,9,18,5,0
S505200,2020-06-23 08:02:30.538,6,13,10,3,0
S505200,2020-06-23 08:05:00.676,5,3,10,2,0
S505200,2020-06-23 08:10:00.584,6,1,8,0,0
S505200,2020-06-23 08:25:00.587,11,4,11,3,0
S505200,2020-06-23 09:02:00.605,6,1,6,3,0
S505200,2020-06-23 09:08:00.606,8,2,4,4,0
S505200,2020-06-23 09:12:00.737,8,0,10,2,0
S505200,2020-06-23 09:36:00.524,11,2,9,2,0
S505200,2020-06-23 09:54:00.543,9,4,16,3,0
S505200,2020-06-23 10:00:00.621,8,1,10,7,0
S505200,2020-06-23 10:36:00.599,4,2,17,2,0
S505200,2020-06-23 10:44:00.529,6,0,18,3,0
S505200,2020-06-23 10:48:00.609,10,3,8,1,0
S505200,2020-06-23 10:54:00.609,8,1,6,2,0
S505200,2020-06-23 10:56:00.619,9,3,11,18,0
S505200,2020-06-23 11:00:00.569,8,3,6,3,0
S505200,2020-06-23 11:04:00.679,4,0,8,2,0
S505200,2020-06-23 11:06:00.579,10,4,9,6,0
S505200,2020-06-23 11:08:00.549,8,2,9,3,0
S505200,2020-06-23 11:12:00.609,7,8,10,8,0
S505200,2020-06-23 11:44:00.569,5,1,9,3,0
S505200,2020-06-23 12:00:00.549,5,4,13,4,0
S505200,2020-06-23 12:02:00.616,10,11,14,4,0
S505200,2020-06-23 12:08:00.608,3,3,7,2,0
S505200,2020-06-23 12:12:00.548,8,2,8,4,0
S505200,2020-06-23 12:18:00.546,2,8,4,2,0
S505200,2020-06-23 12:20:00.526,14,0,10,8,0
S505200,2020-06-23 12:40:00.636,2,1,7,10,0
S505200,2020-06-23 12:44:00.667,5,2,8,4,0
S505200,2020-06-23 12:54:00.613,12,2,8,5,0
S505200,2020-06-23 13:04:00.545,2,0,13,10,0
S505200,2020-06-23 13:06:00.587,4,0,11,3,0
S505200,2020-06-23 13:16:00.684,4,4,13,2,0
S505200,2020-06-23 13:36:00.596,5,0,16,8,0
S505200,2020-06-23 13:40:00.617,4,2,9,7,0
S505200,2020-06-23 13:44:00.547,5,2,10,5,0
S505200,2020-06-23 13:46:00.693,5,0,11,5,0
S505200,2020-06-23 13:50:00.624,6,1,4,5,0
S505200,2020-06-23 13:58:00.504,2,2,7,4,0
S505200,2020-06-23 14:05:59.582,5,0,14,1,0
S505200,2020-06-23 14:08:00.654,6,2,13,12,0
S505200,2020-06-23 14:14:00.676,10,0,10,4,0
S505200,2020-06-23 14:22:00.597,7,2,10,1,0
S505200,2020-06-23 14:26:00.663,6,0,4,2,0
S505200,2020-06-23 14:38:00.632,7,4,9,8,0
S505200,2020-06-23 14:58:00.672,5,0,7,8,0
S505200,2020-06-23 15:02:00.613,6,0,7,2,0
S505200,2020-06-23 15:04:00.607,6,5,8,7,0
S505200,2020-06-23 15:06:00.572,5,0,11,4,0
S505200,2020-06-23 15:14:00.684,6,0,20,6,0
S505200,2020-06-23 15:28:00.716,4,0,15,12,0
S505200,2020-06-23 15:40:00.666,3,2,10,1,0
S505200,2020-06-23 15:46:00.618,6,2,10,11,0
S505200,2020-06-23 15:58:00.683,2,6,7,3,0
S505200,2020-06-23 16:02:00.632,7,1,14,11,0
S505200,2020-06-23 16:04:00.684,5,2,12,1,0
S505200,2020-06-23 16:12:00.706,6,2,6,5,0
S505200,2020-06-23 16:14:00.705,7,3,21,15,0
S505200,2020-06-23 16:18:00.633,5,0,18,11,0
S505200,2020-06-23 16:26:00.635,9,3,14,4,0
S505200,2020-06-23 16:30:00.555,4,2,17,6,0
S505200,2020-06-23 16:35:00.664,7,0,15,6,0
S505200,2020-06-23 16:37:30.465,7,27,13,7,0
S505200,2020-06-23 17:15:00.575,12,9,14,15,0
S505200,2020-06-23 17:20:00.658,6,8,13,14,0
S505200,2020-06-23 17:37:30.476,6,7,6,13,0
S505200,2020-06-23 07:32:30.625,28,6,10,7,0
S505200,2020-06-23 07:45:00.547,12,5,17,4,0
S505200,2020-06-23 08:17:30.566,10,1,8,3,0
S505200,2020-06-23 08:19:59.608,4,3,7,10,0
S505200,2020-06-23 08:27:30.498,4,0,7,0,0
S505200,2020-06-23 08:30:00.523,6,2,7,0,0
S505200,2020-06-23 08:32:00.488,6,4,3,8,0
S505200,2020-06-23 08:44:00.605,15,2,9,2,0
S505200,2020-06-23 08:48:00.545,8,1,9,0,0
S505200,2020-06-23 08:52:00.525,9,2,9,2,0
S505200,2020-06-23 08:56:00.535,7,2,10,1,0
S505200,2020-06-23 08:58:00.535,5,3,7,9,0
S505200,2020-06-23 09:04:00.506,4,1,5,2,0
S505200,2020-06-23 09:06:00.66,10,0,10,4,0
S505200,2020-06-23 09:20:01.388,6,6,11,1,0
S505200,2020-06-23 09:24:00.608,7,1,10,2,0
S505200,2020-06-23 09:32:00.707,11,1,18,1,0
S505200,2020-06-23 09:34:00.526,10,0,12,4,0
S505200,2020-06-23 09:52:00.576,5,33,9,2,0
S505200,2020-06-23 09:56:00.599,7,3,6,0,0
S505200,2020-06-23 10:18:00.669,10,2,10,3,0
S505200,2020-06-23 10:30:00.619,7,1,8,3,0
S505200,2020-06-23 10:34:00.61,4,1,7,1,0
S505200,2020-06-23 10:38:00.469,6,1,5,8,0
S505200,2020-06-23 10:40:00.549,10,0,14,3,0
S505200,2020-06-23 10:52:00.499,7,0,11,3,0
S505200,2020-06-23 11:02:00.699,6,1,10,2,0
S505200,2020-06-23 11:14:00.699,11,4,10,3,0
S505200,2020-06-23 11:28:00.579,6,3,8,4,0
S505200,2020-06-23 11:30:00.609,8,5,5,1,0
S505200,2020-06-23 11:40:00.609,4,1,6,3,0
S505200,2020-06-23 12:06:00.589,5,2,7,3,0
S505200,2020-06-23 12:14:00.588,9,0,9,1,0
S505200,2020-06-23 12:30:00.603,7,0,12,3,0
S505200,2020-06-23 12:38:00.643,2,0,7,7,0
S505200,2020-06-23 13:10:00.587,8,1,10,1,0
S505200,2020-06-23 13:18:00.564,4,0,6,9,0
S505200,2020-06-23 13:28:00.677,6,0,7,7,0
S505200,2020-06-23 13:30:00.714,10,1,8,1,0
S505200,2020-06-23 13:34:00.616,9,0,12,1,0
S505200,2020-06-23 13:38:00.566,4,2,9,6,0
S505200,2020-06-23 13:52:00.544,7,0,10,1,0
S505200,2020-06-23 14:10:00.724,5,2,9,6,0
S505200,2020-06-23 14:30:00.661,11,0,13,2,0
S505200,2020-06-23 14:32:00.567,8,0,6,2,0
S505200,2020-06-23 14:40:00.639,7,1,10,13,0
S505200,2020-06-23 14:44:00.573,7,2,14,9,0
S505200,2020-06-23 14:48:00.585,14,2,9,13,0
S505200,2020-06-23 14:50:00.673,7,3,11,13,0
S505200,2020-06-23 15:12:00.564,8,0,12,16,0
S505200,2020-06-23 15:18:00.626,4,0,14,8,0
S505200,2020-06-23 15:36:00.577,4,7,8,8,0
S505200,2020-06-23 15:38:00.658,5,1,10,9,0
S505200,2020-06-23 15:42:00.658,5,2,3,4,0
S505200,2020-06-23 15:50:00.646,11,1,12,11,0
S505200,2020-06-23 16:06:00.595,6,3,3,8,0
S505200,2020-06-23 16:45:00.471,6,3,9,5,0
S505200,2020-06-23 16:52:30.617,4,17,8,8,0
S505200,2020-06-23 16:55:00.576,15,7,14,20,0
S505200,2020-06-23 16:57:30.513,5,6,19,19,0
S505200,2020-06-23 17:12:30.537,7,3,17,19,0
S505200,2020-06-23 17:22:31.1,9,7,25,18,0
S505200,2020-06-23 17:25:00.615,9,0,11,5,0
S505200,2020-06-23 17:30:00.602,5,6,16,3,0
S505200,2020-06-23 17:32:30.603,10,4,14,10,0
S505200,2020-06-23 09:40:00.61,9,1,12,0,0
S505200,2020-06-23 09:44:00.585,11,0,9,4,0
S505200,2020-06-23 09:46:00.626,9,5,13,4,0
S505200,2020-06-23 09:50:00.556,11,3,12,7,0
S505200,2020-06-23 10:04:00.609,7,1,9,4,0
S505200,2020-06-23 10:08:00.56,8,5,14,1,0
S505200,2020-06-23 10:14:00.565,7,1,11,5,0
S505200,2020-06-23 10:22:00.59,14,1,10,9,0
S505200,2020-06-23 10:24:00.602,10,1,10,2,0
S505200,2020-06-23 10:26:00.637,12,2,9,1,0
S505200,2020-06-23 10:28:00.628,6,1,12,8,0
S505200,2020-06-23 10:42:00.529,6,2,7,4,0
S505200,2020-06-23 10:46:00.549,13,0,13,2,0
S505200,2020-06-23 10:58:00.48,6,0,7,2,0
S505200,2020-06-23 11:22:00.679,8,5,19,3,0
S505200,2020-06-23 11:24:00.579,5,4,4,2,0
S505200,2020-06-23 11:36:00.539,10,3,12,3,0
S505200,2020-06-23 11:38:00.539,3,0,3,3,0
S505200,2020-06-23 11:42:00.579,7,3,8,2,0
S505200,2020-06-23 11:48:00.549,6,2,14,3,0
S505200,2020-06-23 11:50:00.609,4,0,6,5,0
S505200,2020-06-23 11:51:59.618,8,0,10,0,0
S505200,2020-06-23 11:54:00.579,5,1,12,4,0
S505200,2020-06-23 11:58:00.538,12,5,15,1,0
S505200,2020-06-23 12:16:00.568,8,1,6,1,0
S505200,2020-06-23 12:22:00.725,5,4,13,2,0
S505200,2020-06-23 12:46:00.615,7,1,8,1,0
S505200,2020-06-23 12:52:00.584,4,0,7,4,0
S505200,2020-06-23 12:56:00.613,4,0,19,4,0
S505200,2020-06-23 12:58:00.604,10,1,8,6,0
S505200,2020-06-23 13:08:00.579,7,0,10,2,0
S505200,2020-06-23 13:22:00.623,5,0,6,3,0
S505200,2020-06-23 13:48:00.591,6,0,6,6,0
S505200,2020-06-23 13:54:00.563,7,0,8,4,0
S505200,2020-06-23 14:04:01.121,8,0,15,9,0
S505200,2020-06-23 14:12:00.534,5,0,13,1,0
S505200,2020-06-23 14:20:00.617,14,5,7,4,0
S505200,2020-06-23 14:28:00.639,9,2,7,10,0
S505200,2020-06-23 14:34:00.686,3,1,8,4,0
S505200,2020-06-23 14:52:00.673,5,0,11,8,0
S505200,2020-06-23 14:54:00.585,9,1,16,1,0
S505200,2020-06-23 15:00:00.555,4,5,7,0,0
S505200,2020-06-23 15:08:00.604,10,1,14,7,0
S505200,2020-06-23 15:10:00.602,2,4,11,15,0
S505200,2020-06-23 15:30:00.555,4,0,6,4,0
S505200,2020-06-23 15:34:00.708,10,1,17,7,0
S505200,2020-06-23 15:54:00.685,6,4,11,5,0
S505200,2020-06-23 15:56:00.707,5,0,5,7,0
S505200,2020-06-23 16:00:00.664,6,2,9,18,0
S505200,2020-06-23 16:10:00.627,7,2,13,5,0
S505200,2020-06-23 16:16:00.705,4,2,54,5,0
S505200,2020-06-23 16:22:00.555,5,1,13,5,0
S505200,2020-06-23 16:24:00.615,7,0,14,10,0
S505200,2020-06-23 16:28:00.512,6,0,5,11,0
S505200,2020-06-23 16:32:30.552,11,1,6,9,0
S505200,2020-06-23 16:40:00.633,8,9,13,8,0
S505200,2020-06-23 16:42:30.474,1,4,12,3,0
S505200,2020-06-23 16:47:30.569,6,3,17,17,0
S505200,2020-06-23 16:50:00.547,5,0,13,5,0
S505200,2020-06-23 17:00:00.662,9,2,4,17,0
S505200,2020-06-23 17:02:30.564,6,4,12,11,0
S505200,2020-06-23 17:05:00.705,3,5,13,9,0
S505200,2020-06-23 17:07:30.632,5,5,16,14,0
S505200,2020-06-23 17:40:00.695,6,6,27,15,0
S505200,2020-06-23 17:42:30.517,6,1,15,3,0
S505200,2020-06-23 17:47:30.595,7,5,7,14,0
